prop_id,player_name,p_true_over,dk_over_odds,dk_under_odds,is_promo_eligible,dk_decimal_odds,dk_implied_prob,edge,ev_pct,kelly_wager_pct
PROP_0001,Player_1,0.5399,-103,-114,False,1.970873786407767,0.5074,0.0325,0.0641,0.033
PROP_0002,Player_2,0.5377,-118,100,False,1.847457627118644,0.5413,-0.0036,-0.0066,0.0
PROP_0003,Player_3,0.5674,-144,123,False,1.6944444444444444,0.5902,-0.0228,-0.0386,0.0
PROP_0004,Player_4,0.5403,-142,121,False,1.704225352112676,0.5868,-0.0465,-0.0792,0.0
PROP_0005,Player_5,0.5138,113,-133,False,2.13,0.4695,0.0443,0.0944,0.0418
PROP_0006,Player_6,0.5601,-118,100,False,1.847457627118644,0.5413,0.0188,0.0348,0.0205
PROP_0007,Player_7,0.5653,-159,134,True,1.6289308176100628,0.6139,-0.0486,-0.0792,0.0
PROP_0008,Player_8,0.5485,-113,-103,False,1.8849557522123894,0.5305,0.018,0.0339,0.0192
PROP_0009,Player_9,0.5556,-118,100,False,1.847457627118644,0.5413,0.0143,0.0264,0.0156
PROP_0010,Player_10,0.5758,-151,128,False,1.6622516556291391,0.6016,-0.0258,-0.0429,0.0
PROP_0011,Player_11,0.484,-125,106,False,1.8,0.5556,-0.0716,-0.1288,0.0
PROP_0012,Player_12,0.5667,-148,126,False,1.6756756756756757,0.5968,-0.0301,-0.0504,0.0
PROP_0013,Player_13,0.4876,-120,102,False,1.8333333333333335,0.5455,-0.0579,-0.1061,0.0
PROP_0014,Player_14,0.5605,104,-122,False,2.04,0.4902,0.0703,0.1434,0.069
PROP_0015,Player_15,0.5492,-143,122,False,1.6993006993006992,0.5885,-0.0393,-0.0667,0.0
PROP_0016,Player_16,0.4899,-106,-111,False,1.9433962264150944,0.5146,-0.0247,-0.0479,0.0
PROP_0017,Player_17,0.5646,-111,-105,False,1.900900900900901,0.5261,0.0385,0.0732,0.0407
PROP_0018,Player_18,0.5337,-146,124,False,1.6849315068493151,0.5935,-0.0598,-0.1008,0.0
PROP_0019,Player_19,0.5733,-175,148,True,1.5714285714285714,0.6364,-0.0631,-0.0991,0.0
PROP_0020,Player_20,0.5278,-128,109,False,1.78125,0.5614,-0.0336,-0.0599,0.0
PROP_0021,Player_21,0.5745,-133,113,False,1.7518796992481203,0.5708,0.0037,0.0065,0.0043
PROP_0022,Player_22,0.5025,122,-144,False,2.2199999999999998,0.4505,0.052,0.1155,0.0474
PROP_0023,Player_23,0.5734,-154,130,True,1.6493506493506493,0.6063,-0.0329,-0.0543,0.0
PROP_0024,Player_24,0.5155,-125,106,False,1.8,0.5556,-0.0401,-0.0721,0.0
PROP_0025,Player_25,0.5502,124,-146,False,2.24,0.4464,0.1038,0.2324,0.0937
PROP_0026,Player_26,0.4824,108,-127,False,2.08,0.4808,0.0016,0.0034,0.0016
PROP_0027,Player_27,0.4892,125,-147,False,2.25,0.4444,0.0448,0.1007,0.0403
PROP_0028,Player_28,0.5495,-102,-116,False,1.9803921568627452,0.505,0.0445,0.0882,0.045
PROP_0029,Player_29,0.5306,-123,105,False,1.8130081300813008,0.5516,-0.021,-0.038,0.0
PROP_0030,Player_30,0.4877,-107,-110,False,1.9345794392523366,0.5169,-0.0292,-0.0565,0.0
PROP_0031,Player_31,0.5009,-104,-113,False,1.9615384615384617,0.5098,-0.0089,-0.0175,0.0
PROP_0032,Player_32,0.5284,-111,-105,False,1.900900900900901,0.5261,0.0023,0.0044,0.0025
PROP_0033,Player_33,0.4878,126,-149,False,2.26,0.4425,0.0453,0.1024,0.0406
PROP_0034,Player_34,0.5028,101,-119,False,2.01,0.4975,0.0053,0.0106,0.0053
PROP_0035,Player_35,0.5542,-108,-108,False,1.925925925925926,0.5192,0.035,0.0673,0.0364
PROP_0036,Player_36,0.5147,-128,109,False,1.78125,0.5614,-0.0467,-0.0832,0.0
PROP_0037,Player_37,0.524,-111,-106,False,1.900900900900901,0.5261,-0.0021,-0.0039,0.0
PROP_0038,Player_38,0.5108,-117,-100,False,1.8547008547008548,0.5392,-0.0284,-0.0526,0.0
PROP_0039,Player_39,0.5148,110,-129,True,2.1,0.4762,0.0386,0.0811,0.0369
PROP_0040,Player_40,0.5482,-109,-107,False,1.9174311926605505,0.5215,0.0267,0.0511,0.0279
PROP_0041,Player_41,0.5233,-136,116,False,1.7352941176470589,0.5763,-0.053,-0.0919,0.0
PROP_0042,Player_42,0.5553,-169,143,False,1.5917159763313609,0.6283,-0.073,-0.1161,0.0
PROP_0043,Player_43,0.5101,-105,-112,False,1.9523809523809523,0.5122,-0.0021,-0.0041,0.0
PROP_0044,Player_44,0.5137,-122,104,False,1.819672131147541,0.5495,-0.0358,-0.0652,0.0
PROP_0045,Player_45,0.4934,-102,-115,False,1.9803921568627452,0.505,-0.0116,-0.0229,0.0
PROP_0046,Player_46,0.5199,-170,144,False,1.5882352941176472,0.6296,-0.1097,-0.1743,0.0
PROP_0047,Player_47,0.487,104,-123,False,2.04,0.4902,-0.0032,-0.0065,0.0
PROP_0048,Player_48,0.5463,-147,125,False,1.6802721088435373,0.5951,-0.0488,-0.0821,0.0
PROP_0049,Player_49,0.5275,-123,104,False,1.8130081300813008,0.5516,-0.0241,-0.0436,0.0
PROP_0050,Player_50,0.5276,-127,108,False,1.7874015748031495,0.5595,-0.0319,-0.057,0.0
PROP_0051,Player_51,0.4829,-101,-116,True,1.99009900990099,0.5025,-0.0196,-0.039,0.0
PROP_0052,Player_52,0.5717,-180,152,False,1.5555555555555556,0.6429,-0.0712,-0.1107,0.0
PROP_0053,Player_53,0.5463,-121,103,False,1.8264462809917354,0.5475,-0.0012,-0.0022,0.0
PROP_0054,Player_54,0.5103,-120,102,False,1.8333333333333335,0.5455,-0.0352,-0.0645,0.0
PROP_0055,Player_55,0.5645,-110,-106,False,1.9090909090909092,0.5238,0.0407,0.0777,0.0427
PROP_0056,Player_56,0.5063,-107,-110,False,1.9345794392523366,0.5169,-0.0106,-0.0205,0.0
PROP_0057,Player_57,0.5797,-164,139,False,1.6097560975609757,0.6212,-0.0415,-0.0668,0.0
PROP_0058,Player_58,0.5333,-129,110,False,1.7751937984496124,0.5633,-0.03,-0.0533,0.0
PROP_0059,Player_59,0.5314,-167,141,False,1.5988023952095807,0.6255,-0.0941,-0.1504,0.0
PROP_0060,Player_60,0.5361,120,-141,False,2.2,0.4545,0.0816,0.1794,0.0748
PROP_0061,Player_61,0.4849,-101,-117,False,1.99009900990099,0.5025,-0.0176,-0.035,0.0
PROP_0062,Player_62,0.5469,-183,154,True,1.5464480874316942,0.6466,-0.0997,-0.1542,0.0
PROP_0063,Player_63,0.5205,-113,-104,False,1.8849557522123894,0.5305,-0.01,-0.0189,0.0
PROP_0064,Player_64,0.5667,-134,114,True,1.7462686567164178,0.5726,-0.0059,-0.0104,0.0
PROP_0065,Player_65,0.5208,-116,-101,False,1.8620689655172413,0.537,-0.0162,-0.0302,0.0
PROP_0066,Player_66,0.4858,-135,115,False,1.7407407407407407,0.5745,-0.0887,-0.1543,0.0
PROP_0067,Player_67,0.4817,123,-145,False,2.23,0.4484,0.0333,0.0742,0.0302
PROP_0068,Player_68,0.5324,-110,-107,False,1.9090909090909092,0.5238,0.0086,0.0164,0.009
PROP_0069,Player_69,0.5449,-148,126,False,1.6756756756756757,0.5968,-0.0519,-0.0869,0.0
PROP_0070,Player_70,0.5266,-116,-101,False,1.8620689655172413,0.537,-0.0104,-0.0194,0.0
PROP_0071,Player_71,0.5184,109,-128,True,2.09,0.4785,0.0399,0.0835,0.0383
PROP_0072,Player_72,0.5703,-140,119,False,1.7142857142857144,0.5833,-0.013,-0.0223,0.0
PROP_0073,Player_73,0.5592,-154,130,False,1.6493506493506493,0.6063,-0.0471,-0.0777,0.0
PROP_0074,Player_74,0.513,-104,-113,False,1.9615384615384617,0.5098,0.0032,0.0063,0.0033
PROP_0075,Player_75,0.5291,-110,-107,False,1.9090909090909092,0.5238,0.0053,0.0101,0.0056
PROP_0076,Player_76,0.493,142,-167,False,2.42,0.4132,0.0798,0.1931,0.068
PROP_0077,Player_77,0.507,-122,104,False,1.819672131147541,0.5495,-0.0425,-0.0774,0.0
PROP_0078,Player_78,0.5451,-147,124,True,1.6802721088435373,0.5951,-0.05,-0.0841,0.0
PROP_0079,Player_79,0.5056,-109,-107,False,1.9174311926605505,0.5215,-0.0159,-0.0305,0.0
PROP_0080,Player_80,0.5201,136,-161,False,2.3600000000000003,0.4237,0.0964,0.2274,0.0836
PROP_0081,Player_81,0.5648,-124,106,False,1.8064516129032258,0.5536,0.0112,0.0203,0.0126
PROP_0082,Player_82,0.5684,-145,123,False,1.6896551724137931,0.5918,-0.0234,-0.0396,0.0
PROP_0083,Player_83,0.482,-125,107,False,1.8,0.5556,-0.0736,-0.1324,0.0
PROP_0084,Player_84,0.4975,-108,-108,True,1.925925925925926,0.5192,-0.0217,-0.0419,0.0
PROP_0085,Player_85,0.4929,-114,-103,True,1.8771929824561404,0.5327,-0.0398,-0.0747,0.0
PROP_0086,Player_86,0.563,-143,122,False,1.6993006993006992,0.5885,-0.0255,-0.0433,0.0
PROP_0087,Player_87,0.4954,-102,-115,False,1.9803921568627452,0.505,-0.0096,-0.0189,0.0
PROP_0088,Player_88,0.5771,-193,162,True,1.5181347150259068,0.6587,-0.0816,-0.1239,0.0
PROP_0089,Player_89,0.5395,-161,136,False,1.62111801242236,0.6169,-0.0774,-0.1254,0.0
PROP_0090,Player_90,0.5792,-218,182,False,1.4587155963302751,0.6855,-0.1063,-0.1551,0.0
PROP_0091,Player_91,0.5634,-146,124,False,1.6849315068493151,0.5935,-0.0301,-0.0507,0.0
PROP_0092,Player_92,0.5295,-154,131,False,1.6493506493506493,0.6063,-0.0768,-0.1267,0.0
PROP_0093,Player_93,0.5535,-148,126,True,1.6756756756756757,0.5968,-0.0433,-0.0725,0.0
PROP_0094,Player_94,0.5239,-144,123,False,1.6944444444444444,0.5902,-0.0663,-0.1123,0.0
PROP_0095,Player_95,0.5417,-124,105,False,1.8064516129032258,0.5536,-0.0119,-0.0214,0.0
PROP_0096,Player_96,0.5225,-124,105,True,1.8064516129032258,0.5536,-0.0311,-0.0561,0.0
PROP_0097,Player_97,0.5005,-133,113,True,1.7518796992481203,0.5708,-0.0703,-0.1232,0.0
PROP_0098,Player_98,0.5386,-150,128,False,1.6666666666666665,0.6,-0.0614,-0.1023,0.0
PROP_0099,Player_99,0.5127,-141,120,False,1.7092198581560285,0.5851,-0.0724,-0.1237,0.0
PROP_0100,Player_100,0.5142,-102,-115,False,1.9803921568627452,0.505,0.0092,0.0183,0.0093
PROP_0101,Player_101,0.5476,-101,-116,False,1.99009900990099,0.5025,0.0451,0.0898,0.0453
PROP_0102,Player_102,0.5364,-114,-103,False,1.8771929824561404,0.5327,0.0037,0.0069,0.0039
PROP_0103,Player_103,0.5241,103,-120,False,2.0300000000000002,0.4926,0.0315,0.0639,0.031
PROP_0104,Player_104,0.5502,-130,111,False,1.7692307692307692,0.5652,-0.015,-0.0266,0.0
PROP_0105,Player_105,0.5388,-173,146,False,1.5780346820809248,0.6337,-0.0949,-0.1498,0.0
PROP_0106,Player_106,0.525,-135,115,True,1.7407407407407407,0.5745,-0.0495,-0.0861,0.0
PROP_0107,Player_107,0.5202,-178,150,False,1.5617977528089888,0.6403,-0.1201,-0.1876,0.0
PROP_0108,Player_108,0.5019,105,-123,False,2.05,0.4878,0.0141,0.0289,0.0138
PROP_0109,Player_109,0.5785,-123,105,False,1.8130081300813008,0.5516,0.0269,0.0488,0.03
PROP_0110,Player_110,0.4971,-118,101,False,1.847457627118644,0.5413,-0.0442,-0.0816,0.0
PROP_0111,Player_111,0.5081,-111,-106,False,1.900900900900901,0.5261,-0.018,-0.0342,0.0
PROP_0112,Player_112,0.5059,-106,-111,False,1.9433962264150944,0.5146,-0.0087,-0.0168,0.0
PROP_0113,Player_113,0.566,-167,141,False,1.5988023952095807,0.6255,-0.0595,-0.0951,0.0
PROP_0114,Player_114,0.5476,-115,-102,False,1.8695652173913042,0.5349,0.0127,0.0238,0.0137
PROP_0115,Player_115,0.5512,-136,115,False,1.7352941176470589,0.5763,-0.0251,-0.0435,0.0
PROP_0116,Player_116,0.4829,-106,-111,False,1.9433962264150944,0.5146,-0.0317,-0.0615,0.0
PROP_0117,Player_117,0.5591,-136,116,False,1.7352941176470589,0.5763,-0.0172,-0.0298,0.0
PROP_0118,Player_118,0.5036,-129,110,False,1.7751937984496124,0.5633,-0.0597,-0.106,0.0
PROP_0119,Player_119,0.5481,-101,-116,False,1.99009900990099,0.5025,0.0456,0.0908,0.0458
PROP_0120,Player_120,0.5203,-108,-108,False,1.925925925925926,0.5192,0.0011,0.0021,0.0011
PROP_0121,Player_121,0.48,-102,-115,False,1.9803921568627452,0.505,-0.025,-0.0494,0.0
PROP_0122,Player_122,0.5122,-139,118,False,1.7194244604316546,0.5816,-0.0694,-0.1193,0.0
PROP_0123,Player_123,0.5391,-148,126,False,1.6756756756756757,0.5968,-0.0577,-0.0966,0.0
PROP_0124,Player_124,0.5088,104,-122,False,2.04,0.4902,0.0186,0.038,0.0182
PROP_0125,Player_125,0.5325,-118,101,False,1.847457627118644,0.5413,-0.0088,-0.0162,0.0
PROP_0126,Player_126,0.4955,-114,-103,True,1.8771929824561404,0.5327,-0.0372,-0.0699,0.0
PROP_0127,Player_127,0.4984,-107,-110,False,1.9345794392523366,0.5169,-0.0185,-0.0358,0.0
PROP_0128,Player_128,0.5152,106,-125,False,2.06,0.4854,0.0298,0.0613,0.0289
PROP_0129,Player_129,0.5132,-113,-104,False,1.8849557522123894,0.5305,-0.0173,-0.0326,0.0
PROP_0130,Player_130,0.5077,-112,-105,False,1.8928571428571428,0.5283,-0.0206,-0.039,0.0
PROP_0131,Player_131,0.5543,-171,144,False,1.5847953216374269,0.631,-0.0767,-0.1215,0.0
PROP_0132,Player_132,0.497,-106,-111,False,1.9433962264150944,0.5146,-0.0176,-0.0341,0.0
PROP_0133,Player_133,0.4895,-101,-116,False,1.99009900990099,0.5025,-0.013,-0.0258,0.0
PROP_0134,Player_134,0.5066,119,-140,False,2.19,0.4566,0.05,0.1095,0.046
PROP_0135,Player_135,0.5062,-146,124,False,1.6849315068493151,0.5935,-0.0873,-0.1471,0.0
PROP_0136,Player_136,0.53,-112,-105,False,1.8928571428571428,0.5283,0.0017,0.0032,0.0018
PROP_0137,Player_137,0.5262,-136,116,False,1.7352941176470589,0.5763,-0.0501,-0.0869,0.0
PROP_0138,Player_138,0.5614,-129,109,False,1.7751937984496124,0.5633,-0.0019,-0.0034,0.0
PROP_0139,Player_139,0.5123,-118,100,False,1.847457627118644,0.5413,-0.029,-0.0535,0.0
PROP_0140,Player_140,0.484,107,-125,False,2.0700000000000003,0.4831,0.0009,0.0019,0.0009
PROP_0141,Player_141,0.4991,102,-120,False,2.02,0.495,0.0041,0.0082,0.004
PROP_0142,Player_142,0.5104,-125,106,False,1.8,0.5556,-0.0452,-0.0813,0.0
PROP_0143,Player_143,0.5645,-124,105,False,1.8064516129032258,0.5536,0.0109,0.0197,0.0122
PROP_0144,Player_144,0.4976,-126,107,False,1.7936507936507935,0.5575,-0.0599,-0.1075,0.0
PROP_0145,Player_145,0.5336,-122,104,False,1.819672131147541,0.5495,-0.0159,-0.029,0.0
PROP_0146,Player_146,0.5165,-131,111,False,1.7633587786259541,0.5671,-0.0506,-0.0892,0.0
PROP_0147,Player_147,0.5766,-127,108,False,1.7874015748031495,0.5595,0.0171,0.0306,0.0194
PROP_0148,Player_148,0.5097,104,-122,False,2.04,0.4902,0.0195,0.0398,0.0191
PROP_0149,Player_149,0.5194,119,-140,False,2.19,0.4566,0.0628,0.1375,0.0578
PROP_0150,Player_150,0.4976,-105,-112,False,1.9523809523809523,0.5122,-0.0146,-0.0285,0.0
PROP_0151,Player_151,0.4912,111,-131,False,2.1100000000000003,0.4739,0.0173,0.0364,0.0164
PROP_0152,Player_152,0.5515,-134,114,False,1.7462686567164178,0.5726,-0.0211,-0.0369,0.0
PROP_0153,Player_153,0.5298,-155,131,False,1.6451612903225805,0.6078,-0.078,-0.1284,0.0
PROP_0154,Player_154,0.5335,-115,-102,True,1.8695652173913042,0.5349,-0.0014,-0.0026,0.0
PROP_0155,Player_155,0.5639,-121,103,True,1.8264462809917354,0.5475,0.0164,0.0299,0.0181
PROP_0156,Player_156,0.5189,-101,-116,True,1.99009900990099,0.5025,0.0164,0.0327,0.0165
PROP_0157,Player_157,0.5728,-139,118,False,1.7194244604316546,0.5816,-0.0088,-0.0151,0.0
PROP_0158,Player_158,0.5103,-112,-105,False,1.8928571428571428,0.5283,-0.018,-0.0341,0.0
PROP_0159,Player_159,0.5621,-166,141,False,1.6024096385542168,0.6241,-0.062,-0.0993,0.0
PROP_0160,Player_160,0.5091,-156,132,False,1.641025641025641,0.6094,-0.1003,-0.1646,0.0
PROP_0161,Player_161,0.5115,108,-127,True,2.08,0.4808,0.0307,0.0639,0.0296
PROP_0162,Player_162,0.4938,-122,104,False,1.819672131147541,0.5495,-0.0557,-0.1014,0.0
PROP_0163,Player_163,0.5525,-147,124,False,1.6802721088435373,0.5951,-0.0426,-0.0716,0.0
PROP_0164,Player_164,0.5071,106,-125,False,2.06,0.4854,0.0217,0.0446,0.0211
PROP_0165,Player_165,0.5407,-129,110,False,1.7751937984496124,0.5633,-0.0226,-0.0402,0.0
PROP_0166,Player_166,0.5583,-152,129,False,1.6578947368421053,0.6032,-0.0449,-0.0744,0.0
PROP_0167,Player_167,0.5011,109,-128,False,2.09,0.4785,0.0226,0.0473,0.0217
PROP_0168,Player_168,0.5535,-107,-110,False,1.9345794392523366,0.5169,0.0366,0.0708,0.0379
PROP_0169,Player_169,0.511,-152,129,False,1.6578947368421053,0.6032,-0.0922,-0.1528,0.0
PROP_0170,Player_170,0.4858,-105,-111,False,1.9523809523809523,0.5122,-0.0264,-0.0515,0.0
PROP_0171,Player_171,0.5083,-102,-115,False,1.9803921568627452,0.505,0.0033,0.0066,0.0034
PROP_0172,Player_172,0.5158,-129,110,False,1.7751937984496124,0.5633,-0.0475,-0.0844,0.0
PROP_0173,Player_173,0.5415,-116,-101,False,1.8620689655172413,0.537,0.0045,0.0083,0.0048
PROP_0174,Player_174,0.4915,-102,-115,False,1.9803921568627452,0.505,-0.0135,-0.0266,0.0
PROP_0175,Player_175,0.5277,-143,121,False,1.6993006993006992,0.5885,-0.0608,-0.1033,0.0
PROP_0176,Player_176,0.5432,-130,110,False,1.7692307692307692,0.5652,-0.022,-0.039,0.0
PROP_0177,Player_177,0.5246,-121,103,False,1.8264462809917354,0.5475,-0.0229,-0.0418,0.0
PROP_0178,Player_178,0.556,-189,159,False,1.529100529100529,0.654,-0.098,-0.1498,0.0
PROP_0179,Player_179,0.503,-129,110,True,1.7751937984496124,0.5633,-0.0603,-0.1071,0.0
PROP_0180,Player_180,0.4842,-101,-117,False,1.99009900990099,0.5025,-0.0183,-0.0364,0.0
PROP_0181,Player_181,0.534,-165,139,True,1.606060606060606,0.6226,-0.0886,-0.1424,0.0
PROP_0182,Player_182,0.5229,-122,104,False,1.819672131147541,0.5495,-0.0266,-0.0485,0.0
PROP_0183,Player_183,0.4884,-117,-101,False,1.8547008547008548,0.5392,-0.0508,-0.0942,0.0
PROP_0184,Player_184,0.5226,-143,121,False,1.6993006993006992,0.5885,-0.0659,-0.1119,0.0
PROP_0185,Player_185,0.5366,102,-119,False,2.02,0.495,0.0416,0.0839,0.0411
PROP_0186,Player_186,0.5411,-121,103,False,1.8264462809917354,0.5475,-0.0064,-0.0117,0.0
PROP_0187,Player_187,0.5798,-168,142,False,1.5952380952380953,0.6269,-0.0471,-0.0751,0.0
PROP_0188,Player_188,0.503,-114,-103,False,1.8771929824561404,0.5327,-0.0297,-0.0558,0.0
PROP_0189,Player_189,0.5072,-118,101,False,1.847457627118644,0.5413,-0.0341,-0.063,0.0
PROP_0190,Player_190,0.5523,-165,139,False,1.606060606060606,0.6226,-0.0703,-0.113,0.0
PROP_0191,Player_191,0.5605,-182,153,False,1.5494505494505495,0.6454,-0.0849,-0.1315,0.0
PROP_0192,Player_192,0.5659,-166,140,False,1.6024096385542168,0.6241,-0.0582,-0.0932,0.0
PROP_0193,Player_193,0.4905,-112,-105,False,1.8928571428571428,0.5283,-0.0378,-0.0716,0.0
PROP_0194,Player_194,0.5072,-143,121,True,1.6993006993006992,0.5885,-0.0813,-0.1381,0.0
PROP_0195,Player_195,0.5088,-173,146,False,1.5780346820809248,0.6337,-0.1249,-0.1971,0.0
PROP_0196,Player_196,0.5005,110,-129,False,2.1,0.4762,0.0243,0.0511,0.0232
PROP_0197,Player_197,0.5641,-134,114,True,1.7462686567164178,0.5726,-0.0085,-0.0149,0.0
PROP_0198,Player_198,0.5306,-128,109,True,1.78125,0.5614,-0.0308,-0.0549,0.0
PROP_0199,Player_199,0.5742,-114,-103,False,1.8771929824561404,0.5327,0.0415,0.0779,0.0444
PROP_0200,Player_200,0.4842,114,-134,False,2.1399999999999997,0.4673,0.0169,0.0362,0.0159
PROP_0201,Player_201,0.5777,-152,129,False,1.6578947368421053,0.6032,-0.0255,-0.0422,0.0
PROP_0202,Player_202,0.5531,-150,127,False,1.6666666666666665,0.6,-0.0469,-0.0782,0.0
PROP_0203,Player_203,0.5428,-160,135,False,1.625,0.6154,-0.0726,-0.118,0.0
PROP_0204,Player_204,0.4939,109,-128,False,2.09,0.4785,0.0154,0.0323,0.0148
PROP_0205,Player_205,0.5347,-138,117,False,1.7246376811594204,0.5798,-0.0451,-0.0778,0.0
PROP_0206,Player_206,0.5052,112,-131,True,2.12,0.4717,0.0335,0.071,0.0317
PROP_0207,Player_207,0.5655,-143,121,False,1.6993006993006992,0.5885,-0.023,-0.039,0.0
PROP_0208,Player_208,0.4984,-137,117,False,1.72992700729927,0.5781,-0.0797,-0.1378,0.0
PROP_0209,Player_209,0.4892,-128,109,False,1.78125,0.5614,-0.0722,-0.1286,0.0
PROP_0210,Player_210,0.4859,129,-152,False,2.29,0.4367,0.0492,0.1127,0.0437
PROP_0211,Player_211,0.5136,-119,101,False,1.8403361344537816,0.5434,-0.0298,-0.0548,0.0
PROP_0212,Player_212,0.485,106,-124,False,2.06,0.4854,-0.0004,-0.0009,0.0
PROP_0213,Player_213,0.5705,-154,131,False,1.6493506493506493,0.6063,-0.0358,-0.059,0.0
PROP_0214,Player_214,0.5519,-144,122,False,1.6944444444444444,0.5902,-0.0383,-0.0648,0.0
PROP_0215,Player_215,0.5014,106,-124,False,2.06,0.4854,0.016,0.0329,0.0155
PROP_0216,Player_216,0.5227,-143,121,False,1.6993006993006992,0.5885,-0.0658,-0.1118,0.0
PROP_0217,Player_217,0.531,-109,-107,False,1.9174311926605505,0.5215,0.0095,0.0182,0.0099
PROP_0218,Player_218,0.5432,-140,119,False,1.7142857142857144,0.5833,-0.0401,-0.0688,0.0
PROP_0219,Player_219,0.5761,-147,125,False,1.6802721088435373,0.5951,-0.019,-0.032,0.0
PROP_0220,Player_220,0.5194,-106,-111,False,1.9433962264150944,0.5146,0.0048,0.0094,0.005
PROP_0221,Player_221,0.5432,-117,-101,False,1.8547008547008548,0.5392,0.004,0.0075,0.0044
PROP_0222,Player_222,0.4922,-122,104,False,1.819672131147541,0.5495,-0.0573,-0.1044,0.0
PROP_0223,Player_223,0.4847,107,-125,False,2.0700000000000003,0.4831,0.0016,0.0033,0.0016
PROP_0224,Player_224,0.5689,-151,128,False,1.6622516556291391,0.6016,-0.0327,-0.0543,0.0
PROP_0225,Player_225,0.4889,-128,109,False,1.78125,0.5614,-0.0725,-0.1291,0.0
PROP_0226,Player_226,0.5127,-120,102,False,1.8333333333333335,0.5455,-0.0328,-0.06,0.0
PROP_0227,Player_227,0.5743,-212,177,False,1.4716981132075473,0.6795,-0.1052,-0.1548,0.0
PROP_0228,Player_228,0.5115,-102,-115,False,1.9803921568627452,0.505,0.0065,0.013,0.0066
PROP_0229,Player_229,0.5537,-121,103,False,1.8264462809917354,0.5475,0.0062,0.0113,0.0068
PROP_0230,Player_230,0.5075,-106,-111,False,1.9433962264150944,0.5146,-0.0071,-0.0137,0.0
PROP_0231,Player_231,0.579,103,-121,False,2.0300000000000002,0.4926,0.0864,0.1754,0.0851
PROP_0232,Player_232,0.565,-109,-108,False,1.9174311926605505,0.5215,0.0435,0.0833,0.0454
PROP_0233,Player_233,0.5671,-128,109,False,1.78125,0.5614,0.0057,0.0101,0.0065
PROP_0234,Player_234,0.4949,-118,101,False,1.847457627118644,0.5413,-0.0464,-0.0857,0.0
PROP_0235,Player_235,0.5026,-105,-111,False,1.9523809523809523,0.5122,-0.0096,-0.0187,0.0
PROP_0236,Player_236,0.4982,103,-121,False,2.0300000000000002,0.4926,0.0056,0.0113,0.0055
PROP_0237,Player_237,0.5423,-159,135,False,1.6289308176100628,0.6139,-0.0716,-0.1166,0.0
PROP_0238,Player_238,0.5606,-143,121,False,1.6993006993006992,0.5885,-0.0279,-0.0474,0.0
PROP_0239,Player_239,0.5504,-105,-112,False,1.9523809523809523,0.5122,0.0382,0.0746,0.0392
PROP_0240,Player_240,0.5198,-130,111,False,1.7692307692307692,0.5652,-0.0454,-0.0804,0.0
PROP_0241,Player_241,0.5351,-151,128,False,1.6622516556291391,0.6016,-0.0665,-0.1105,0.0
PROP_0242,Player_242,0.5349,-136,116,False,1.7352941176470589,0.5763,-0.0414,-0.0718,0.0
PROP_0243,Player_243,0.5668,-160,135,False,1.625,0.6154,-0.0486,-0.079,0.0
PROP_0244,Player_244,0.549,-192,162,False,1.5208333333333335,0.6575,-0.1085,-0.1651,0.0
PROP_0245,Player_245,0.5043,-117,100,False,1.8547008547008548,0.5392,-0.0349,-0.0647,0.0
PROP_0246,Player_246,0.5762,-167,141,False,1.5988023952095807,0.6255,-0.0493,-0.0788,0.0
PROP_0247,Player_247,0.5738,-181,152,False,1.5524861878453038,0.6441,-0.0703,-0.1092,0.0
PROP_0248,Player_248,0.4858,-127,108,False,1.7874015748031495,0.5595,-0.0737,-0.1317,0.0
PROP_0249,Player_249,0.5007,111,-130,False,2.1100000000000003,0.4739,0.0268,0.0565,0.0254
PROP_0250,Player_250,0.487,-125,106,False,1.8,0.5556,-0.0686,-0.1234,0.0
PROP_0251,Player_251,0.5516,-124,106,False,1.8064516129032258,0.5536,-0.002,-0.0036,0.0
PROP_0252,Player_252,0.4827,-102,-115,False,1.9803921568627452,0.505,-0.0223,-0.0441,0.0
PROP_0253,Player_253,0.5363,-126,107,False,1.7936507936507935,0.5575,-0.0212,-0.0381,0.0
PROP_0254,Player_254,0.5208,-116,-102,True,1.8620689655172413,0.537,-0.0162,-0.0302,0.0
PROP_0255,Player_255,0.5283,-136,116,True,1.7352941176470589,0.5763,-0.048,-0.0832,0.0
PROP_0256,Player_256,0.5608,-100,-117,True,2.0,0.5,0.0608,0.1216,0.0608
PROP_0257,Player_257,0.5034,-100,-117,False,2.0,0.5,0.0034,0.0068,0.0034
PROP_0258,Player_258,0.573,-119,102,False,1.8403361344537816,0.5434,0.0296,0.0545,0.0324
PROP_0259,Player_259,0.5398,-115,-102,False,1.8695652173913042,0.5349,0.0049,0.0092,0.0053
PROP_0260,Player_260,0.4925,-128,109,True,1.78125,0.5614,-0.0689,-0.1227,0.0
PROP_0261,Player_261,0.5467,-104,-113,False,1.9615384615384617,0.5098,0.0369,0.0724,0.0376
PROP_0262,Player_262,0.5401,-128,109,False,1.78125,0.5614,-0.0213,-0.0379,0.0
PROP_0263,Player_263,0.481,107,-126,False,2.0700000000000003,0.4831,-0.0021,-0.0043,0.0
PROP_0264,Player_264,0.5291,-121,103,False,1.8264462809917354,0.5475,-0.0184,-0.0336,0.0
PROP_0265,Player_265,0.5277,-142,121,True,1.704225352112676,0.5868,-0.0591,-0.1007,0.0
PROP_0266,Player_266,0.4841,-121,103,False,1.8264462809917354,0.5475,-0.0634,-0.1158,0.0
PROP_0267,Player_267,0.5551,-137,116,False,1.72992700729927,0.5781,-0.023,-0.0397,0.0
PROP_0268,Player_268,0.5422,-138,118,False,1.7246376811594204,0.5798,-0.0376,-0.0649,0.0
PROP_0269,Player_269,0.4886,-121,103,False,1.8264462809917354,0.5475,-0.0589,-0.1076,0.0
PROP_0270,Player_270,0.5447,-144,122,True,1.6944444444444444,0.5902,-0.0455,-0.077,0.0
PROP_0271,Player_271,0.5692,-134,114,False,1.7462686567164178,0.5726,-0.0034,-0.006,0.0
PROP_0272,Player_272,0.5076,110,-129,False,2.1,0.4762,0.0314,0.066,0.03
PROP_0273,Player_273,0.567,-111,-105,True,1.900900900900901,0.5261,0.0409,0.0778,0.0432
PROP_0274,Player_274,0.4898,-110,-107,False,1.9090909090909092,0.5238,-0.034,-0.0649,0.0
PROP_0275,Player_275,0.5129,-101,-117,False,1.99009900990099,0.5025,0.0104,0.0207,0.0105
PROP_0276,Player_276,0.5466,-114,-103,False,1.8771929824561404,0.5327,0.0139,0.0261,0.0149
PROP_0277,Player_277,0.5744,-152,129,False,1.6578947368421053,0.6032,-0.0288,-0.0477,0.0
PROP_0278,Player_278,0.5467,-162,137,False,1.617283950617284,0.6183,-0.0716,-0.1158,0.0
PROP_0279,Player_279,0.5624,-104,-113,False,1.9615384615384617,0.5098,0.0526,0.1032,0.0536
PROP_0280,Player_280,0.5043,111,-131,True,2.1100000000000003,0.4739,0.0304,0.0641,0.0289
PROP_0281,Player_281,0.5781,110,-129,False,2.1,0.4762,0.1019,0.214,0.0973
PROP_0282,Player_282,0.552,-148,125,False,1.6756756756756757,0.5968,-0.0448,-0.075,0.0
PROP_0283,Player_283,0.5308,-109,-108,False,1.9174311926605505,0.5215,0.0093,0.0178,0.0097
PROP_0284,Player_284,0.5706,-140,119,False,1.7142857142857144,0.5833,-0.0127,-0.0218,0.0
PROP_0285,Player_285,0.5073,-147,125,False,1.6802721088435373,0.5951,-0.0878,-0.1476,0.0
PROP_0286,Player_286,0.5097,-103,-114,False,1.970873786407767,0.5074,0.0023,0.0046,0.0023
PROP_0287,Player_287,0.5234,-156,132,False,1.641025641025641,0.6094,-0.086,-0.1411,0.0
PROP_0288,Player_288,0.5274,-149,126,False,1.6711409395973154,0.5984,-0.071,-0.1186,0.0
PROP_0289,Player_289,0.5585,-134,114,False,1.7462686567164178,0.5726,-0.0141,-0.0247,0.0
PROP_0290,Player_290,0.5467,-127,108,False,1.7874015748031495,0.5595,-0.0128,-0.0228,0.0
PROP_0291,Player_291,0.5372,-128,109,False,1.78125,0.5614,-0.0242,-0.0431,0.0
PROP_0292,Player_292,0.4977,-106,-111,False,1.9433962264150944,0.5146,-0.0169,-0.0328,0.0
PROP_0293,Player_293,0.5067,104,-122,False,2.04,0.4902,0.0165,0.0337,0.0162
PROP_0294,Player_294,0.5219,-119,101,True,1.8403361344537816,0.5434,-0.0215,-0.0395,0.0
PROP_0295,Player_295,0.5591,-143,121,False,1.6993006993006992,0.5885,-0.0294,-0.0499,0.0
PROP_0296,Player_296,0.4853,-108,-109,True,1.925925925925926,0.5192,-0.0339,-0.0653,0.0
PROP_0297,Player_297,0.5561,-122,104,False,1.819672131147541,0.5495,0.0066,0.0119,0.0073
PROP_0298,Player_298,0.5446,104,-122,True,2.04,0.4902,0.0544,0.111,0.0534
PROP_0299,Player_299,0.5388,-115,-102,False,1.8695652173913042,0.5349,0.0039,0.0073,0.0042
PROP_0300,Player_300,0.5688,-131,111,False,1.7633587786259541,0.5671,0.0017,0.003,0.002
PROP_0301,Player_301,0.5229,-128,109,False,1.78125,0.5614,-0.0385,-0.0686,0.0
PROP_0302,Player_302,0.5105,101,-119,False,2.01,0.4975,0.013,0.0261,0.0129
PROP_0303,Player_303,0.5218,116,-137,False,2.16,0.463,0.0588,0.1271,0.0548
PROP_0304,Player_304,0.5576,-145,123,False,1.6896551724137931,0.5918,-0.0342,-0.0578,0.0
PROP_0305,Player_305,0.4924,-128,109,True,1.78125,0.5614,-0.069,-0.1229,0.0
PROP_0306,Player_306,0.5498,-124,106,True,1.8064516129032258,0.5536,-0.0038,-0.0068,0.0
PROP_0307,Player_307,0.5525,104,-122,False,2.04,0.4902,0.0623,0.1271,0.0611
PROP_0308,Player_308,0.54,103,-120,False,2.0300000000000002,0.4926,0.0474,0.0962,0.0467
PROP_0309,Player_309,0.5189,-105,-111,False,1.9523809523809523,0.5122,0.0067,0.0131,0.0069
PROP_0310,Player_310,0.5395,-152,129,False,1.6578947368421053,0.6032,-0.0637,-0.1056,0.0
PROP_0311,Player_311,0.5203,-127,108,False,1.7874015748031495,0.5595,-0.0392,-0.07,0.0
PROP_0312,Player_312,0.5097,-102,-115,False,1.9803921568627452,0.505,0.0047,0.0094,0.0048
PROP_0313,Player_313,0.5131,-141,120,False,1.7092198581560285,0.5851,-0.072,-0.123,0.0
PROP_0314,Player_314,0.5711,-142,120,False,1.704225352112676,0.5868,-0.0157,-0.0267,0.0
PROP_0315,Player_315,0.4968,-129,110,False,1.7751937984496124,0.5633,-0.0665,-0.1181,0.0
PROP_0316,Player_316,0.5638,-115,-102,False,1.8695652173913042,0.5349,0.0289,0.0541,0.0311
PROP_0317,Player_317,0.4848,-121,103,False,1.8264462809917354,0.5475,-0.0627,-0.1145,0.0
PROP_0318,Player_318,0.544,-128,109,False,1.78125,0.5614,-0.0174,-0.031,0.0
PROP_0319,Player_319,0.5097,106,-125,False,2.06,0.4854,0.0243,0.05,0.0236
PROP_0320,Player_320,0.4884,-107,-110,False,1.9345794392523366,0.5169,-0.0285,-0.0552,0.0
PROP_0321,Player_321,0.5156,-119,101,False,1.8403361344537816,0.5434,-0.0278,-0.0511,0.0
PROP_0322,Player_322,0.4955,106,-125,True,2.06,0.4854,0.0101,0.0207,0.0098
PROP_0323,Player_323,0.4976,114,-134,True,2.1399999999999997,0.4673,0.0303,0.0649,0.0284
PROP_0324,Player_324,0.4915,-114,-103,False,1.8771929824561404,0.5327,-0.0412,-0.0774,0.0
PROP_0325,Player_325,0.5522,-153,130,False,1.65359477124183,0.6047,-0.0525,-0.0869,0.0
PROP_0326,Player_326,0.5676,-162,137,False,1.617283950617284,0.6183,-0.0507,-0.082,0.0
PROP_0327,Player_327,0.5317,-131,111,False,1.7633587786259541,0.5671,-0.0354,-0.0624,0.0
PROP_0328,Player_328,0.5542,-125,106,False,1.8,0.5556,-0.0014,-0.0024,0.0
PROP_0329,Player_329,0.5292,-128,109,False,1.78125,0.5614,-0.0322,-0.0574,0.0
PROP_0330,Player_330,0.5743,-140,119,False,1.7142857142857144,0.5833,-0.009,-0.0155,0.0
PROP_0331,Player_331,0.522,-123,104,True,1.8130081300813008,0.5516,-0.0296,-0.0536,0.0
PROP_0332,Player_332,0.5044,-131,111,False,1.7633587786259541,0.5671,-0.0627,-0.1106,0.0
PROP_0333,Player_333,0.5344,-150,127,False,1.6666666666666665,0.6,-0.0656,-0.1093,0.0
PROP_0334,Player_334,0.5312,-163,138,False,1.6134969325153374,0.6198,-0.0886,-0.1429,0.0
PROP_0335,Player_335,0.5756,-122,104,True,1.819672131147541,0.5495,0.0261,0.0474,0.0289
PROP_0336,Player_336,0.4809,-154,130,False,1.6493506493506493,0.6063,-0.1254,-0.2068,0.0
PROP_0337,Player_337,0.4972,-101,-117,False,1.99009900990099,0.5025,-0.0053,-0.0105,0.0
PROP_0338,Player_338,0.4858,105,-123,False,2.05,0.4878,-0.002,-0.0041,0.0
PROP_0339,Player_339,0.5658,-101,-117,True,1.99009900990099,0.5025,0.0633,0.126,0.0636
PROP_0340,Player_340,0.4849,153,-181,False,2.5300000000000002,0.3953,0.0896,0.2268,0.0741
PROP_0341,Player_341,0.4827,119,-140,False,2.19,0.4566,0.0261,0.0571,0.024
PROP_0342,Player_342,0.5606,-113,-104,False,1.8849557522123894,0.5305,0.0301,0.0567,0.032
PROP_0343,Player_343,0.4924,101,-118,False,2.01,0.4975,-0.0051,-0.0103,0.0
PROP_0344,Player_344,0.5225,-135,115,False,1.7407407407407407,0.5745,-0.052,-0.0905,0.0
PROP_0345,Player_345,0.5053,115,-135,False,2.15,0.4651,0.0402,0.0864,0.0376
PROP_0346,Player_346,0.4883,-119,101,False,1.8403361344537816,0.5434,-0.0551,-0.1014,0.0
PROP_0347,Player_347,0.4911,-116,-101,False,1.8620689655172413,0.537,-0.0459,-0.0855,0.0
PROP_0348,Player_348,0.5533,-142,120,False,1.704225352112676,0.5868,-0.0335,-0.0571,0.0
PROP_0349,Player_349,0.5781,-181,153,True,1.5524861878453038,0.6441,-0.066,-0.1025,0.0
PROP_0350,Player_350,0.5371,-123,105,True,1.8130081300813008,0.5516,-0.0145,-0.0262,0.0
PROP_0351,Player_351,0.4815,112,-132,True,2.12,0.4717,0.0098,0.0208,0.0093
PROP_0352,Player_352,0.5392,110,-129,False,2.1,0.4762,0.063,0.1323,0.0601
PROP_0353,Player_353,0.5364,-123,104,False,1.8130081300813008,0.5516,-0.0152,-0.0275,0.0
PROP_0354,Player_354,0.5495,-138,118,False,1.7246376811594204,0.5798,-0.0303,-0.0523,0.0
PROP_0355,Player_355,0.58,-151,128,False,1.6622516556291391,0.6016,-0.0216,-0.0359,0.0
PROP_0356,Player_356,0.4957,-101,-117,False,1.99009900990099,0.5025,-0.0068,-0.0135,0.0
PROP_0357,Player_357,0.5081,-101,-116,True,1.99009900990099,0.5025,0.0056,0.0112,0.0056
PROP_0358,Player_358,0.5418,-172,145,False,1.5813953488372094,0.6324,-0.0906,-0.1432,0.0
PROP_0359,Player_359,0.4874,-124,105,False,1.8064516129032258,0.5536,-0.0662,-0.1195,0.0
PROP_0360,Player_360,0.5728,-186,157,False,1.5376344086021505,0.6503,-0.0775,-0.1192,0.0
PROP_0361,Player_361,0.5795,-132,112,False,1.7575757575757576,0.569,0.0105,0.0185,0.0122
PROP_0362,Player_362,0.4879,102,-120,False,2.02,0.495,-0.0071,-0.0144,0.0
PROP_0363,Player_363,0.5623,-151,128,False,1.6622516556291391,0.6016,-0.0393,-0.0653,0.0
PROP_0364,Player_364,0.5223,-118,101,False,1.847457627118644,0.5413,-0.019,-0.0351,0.0
PROP_0365,Player_365,0.493,-123,105,False,1.8130081300813008,0.5516,-0.0586,-0.1062,0.0
PROP_0366,Player_366,0.5072,113,-133,True,2.13,0.4695,0.0377,0.0803,0.0355
PROP_0367,Player_367,0.5183,109,-128,False,2.09,0.4785,0.0398,0.0832,0.0382
PROP_0368,Player_368,0.4839,130,-153,True,2.3,0.4348,0.0491,0.113,0.0434
PROP_0369,Player_369,0.5251,113,-133,False,2.13,0.4695,0.0556,0.1185,0.0524
PROP_0370,Player_370,0.5331,-108,-109,True,1.925925925925926,0.5192,0.0139,0.0267,0.0144
PROP_0371,Player_371,0.5724,-153,130,False,1.65359477124183,0.6047,-0.0323,-0.0535,0.0
PROP_0372,Player_372,0.5703,-149,126,False,1.6711409395973154,0.5984,-0.0281,-0.0469,0.0
PROP_0373,Player_373,0.5454,-139,118,False,1.7194244604316546,0.5816,-0.0362,-0.0622,0.0
PROP_0374,Player_374,0.5271,-116,-102,False,1.8620689655172413,0.537,-0.0099,-0.0185,0.0
PROP_0375,Player_375,0.4898,107,-126,False,2.0700000000000003,0.4831,0.0067,0.0139,0.0065
PROP_0376,Player_376,0.5394,-139,118,False,1.7194244604316546,0.5816,-0.0422,-0.0725,0.0
PROP_0377,Player_377,0.5675,-133,113,False,1.7518796992481203,0.5708,-0.0033,-0.0058,0.0
PROP_0378,Player_378,0.5017,-133,113,True,1.7518796992481203,0.5708,-0.0691,-0.1211,0.0
PROP_0379,Player_379,0.5672,-186,156,False,1.5376344086021505,0.6503,-0.0831,-0.1279,0.0
PROP_0380,Player_380,0.5493,-157,133,False,1.6369426751592355,0.6109,-0.0616,-0.1008,0.0
PROP_0381,Player_381,0.5438,-127,109,False,1.7874015748031495,0.5595,-0.0157,-0.028,0.0
PROP_0382,Player_382,0.4908,-104,-113,False,1.9615384615384617,0.5098,-0.019,-0.0373,0.0
PROP_0383,Player_383,0.5643,-125,106,False,1.8,0.5556,0.0087,0.0157,0.0098
PROP_0384,Player_384,0.5298,-122,104,False,1.819672131147541,0.5495,-0.0197,-0.0359,0.0
PROP_0385,Player_385,0.5736,-147,125,False,1.6802721088435373,0.5951,-0.0215,-0.0362,0.0
PROP_0386,Player_386,0.5588,-128,109,False,1.78125,0.5614,-0.0026,-0.0046,0.0
PROP_0387,Player_387,0.5384,-122,104,False,1.819672131147541,0.5495,-0.0111,-0.0203,0.0
PROP_0388,Player_388,0.5029,-100,-117,False,2.0,0.5,0.0029,0.0058,0.0029
PROP_0389,Player_389,0.5547,-114,-103,False,1.8771929824561404,0.5327,0.022,0.0413,0.0235
PROP_0390,Player_390,0.5599,-143,121,False,1.6993006993006992,0.5885,-0.0286,-0.0486,0.0
PROP_0391,Player_391,0.5168,-145,123,True,1.6896551724137931,0.5918,-0.075,-0.1268,0.0
PROP_0392,Player_392,0.5051,-154,131,False,1.6493506493506493,0.6063,-0.1012,-0.1669,0.0
PROP_0393,Player_393,0.5724,-158,134,False,1.6329113924050633,0.6124,-0.04,-0.0653,0.0
PROP_0394,Player_394,0.5107,-131,111,False,1.7633587786259541,0.5671,-0.0564,-0.0995,0.0
PROP_0395,Player_395,0.5523,117,-137,False,2.17,0.4608,0.0915,0.1985,0.0848
PROP_0396,Player_396,0.5311,-118,101,False,1.847457627118644,0.5413,-0.0102,-0.0188,0.0
PROP_0397,Player_397,0.5656,-129,109,False,1.7751937984496124,0.5633,0.0023,0.004,0.0026
PROP_0398,Player_398,0.52,-122,104,False,1.819672131147541,0.5495,-0.0295,-0.0538,0.0
PROP_0399,Player_399,0.5716,-130,111,False,1.7692307692307692,0.5652,0.0064,0.0113,0.0073
PROP_0400,Player_400,0.5752,101,-119,False,2.01,0.4975,0.0777,0.1562,0.0773
PROP_0401,Player_401,0.4805,130,-153,False,2.3,0.4348,0.0457,0.1051,0.0404
PROP_0402,Player_402,0.5631,-215,180,False,1.4651162790697674,0.6825,-0.1194,-0.175,0.0
PROP_0403,Player_403,0.5654,-124,105,False,1.8064516129032258,0.5536,0.0118,0.0214,0.0132
PROP_0404,Player_404,0.5704,-171,144,False,1.5847953216374269,0.631,-0.0606,-0.096,0.0
PROP_0405,Player_405,0.4816,126,-149,False,2.26,0.4425,0.0391,0.0884,0.0351
PROP_0406,Player_406,0.5761,-132,112,False,1.7575757575757576,0.569,0.0071,0.0125,0.0083
PROP_0407,Player_407,0.4858,-117,-101,False,1.8547008547008548,0.5392,-0.0534,-0.099,0.0
PROP_0408,Player_408,0.5234,-106,-111,False,1.9433962264150944,0.5146,0.0088,0.0172,0.0091
PROP_0409,Player_409,0.496,-107,-110,False,1.9345794392523366,0.5169,-0.0209,-0.0404,0.0
PROP_0410,Player_410,0.5699,-192,161,False,1.5208333333333335,0.6575,-0.0876,-0.1333,0.0
PROP_0411,Player_411,0.4897,-133,113,False,1.7518796992481203,0.5708,-0.0811,-0.1421,0.0
PROP_0412,Player_412,0.4809,-116,-101,False,1.8620689655172413,0.537,-0.0561,-0.1045,0.0
PROP_0413,Player_413,0.4912,-114,-103,False,1.8771929824561404,0.5327,-0.0415,-0.0779,0.0
PROP_0414,Player_414,0.5223,-114,-103,False,1.8771929824561404,0.5327,-0.0104,-0.0195,0.0
PROP_0415,Player_415,0.5596,-152,129,True,1.6578947368421053,0.6032,-0.0436,-0.0722,0.0
PROP_0416,Player_416,0.488,108,-127,False,2.08,0.4808,0.0072,0.015,0.007
PROP_0417,Player_417,0.5469,-104,-113,False,1.9615384615384617,0.5098,0.0371,0.0728,0.0378
PROP_0418,Player_418,0.5317,-125,106,False,1.8,0.5556,-0.0239,-0.0429,0.0
PROP_0419,Player_419,0.5351,117,-138,False,2.17,0.4608,0.0743,0.1612,0.0689
PROP_0420,Player_420,0.5216,-125,106,False,1.8,0.5556,-0.034,-0.0611,0.0
PROP_0421,Player_421,0.562,-176,148,False,1.5681818181818183,0.6377,-0.0757,-0.1187,0.0
PROP_0422,Player_422,0.567,-172,145,True,1.5813953488372094,0.6324,-0.0654,-0.1033,0.0
PROP_0423,Player_423,0.5222,-121,103,False,1.8264462809917354,0.5475,-0.0253,-0.0462,0.0
PROP_0424,Player_424,0.5531,-144,122,False,1.6944444444444444,0.5902,-0.0371,-0.0628,0.0
PROP_0425,Player_425,0.558,-137,116,True,1.72992700729927,0.5781,-0.0201,-0.0347,0.0
PROP_0426,Player_426,0.5132,106,-124,False,2.06,0.4854,0.0278,0.0572,0.027
PROP_0427,Player_427,0.537,-153,130,False,1.65359477124183,0.6047,-0.0677,-0.112,0.0
PROP_0428,Player_428,0.5415,-149,126,True,1.6711409395973154,0.5984,-0.0569,-0.0951,0.0
PROP_0429,Player_429,0.5429,-138,117,False,1.7246376811594204,0.5798,-0.0369,-0.0637,0.0
PROP_0430,Player_430,0.5653,-136,115,False,1.7352941176470589,0.5763,-0.011,-0.019,0.0
PROP_0431,Player_431,0.4937,-112,-104,False,1.8928571428571428,0.5283,-0.0346,-0.0655,0.0
PROP_0432,Player_432,0.5763,-127,108,False,1.7874015748031495,0.5595,0.0168,0.0301,0.0191
PROP_0433,Player_433,0.5328,-152,129,False,1.6578947368421053,0.6032,-0.0704,-0.1167,0.0
PROP_0434,Player_434,0.5594,-155,132,True,1.6451612903225805,0.6078,-0.0484,-0.0797,0.0
PROP_0435,Player_435,0.5518,103,-121,False,2.0300000000000002,0.4926,0.0592,0.1202,0.0583
PROP_0436,Player_436,0.5578,-119,101,False,1.8403361344537816,0.5434,0.0144,0.0265,0.0158
PROP_0437,Player_437,0.5666,-124,106,False,1.8064516129032258,0.5536,0.013,0.0235,0.0146
PROP_0438,Player_438,0.5686,-131,112,False,1.7633587786259541,0.5671,0.0015,0.0026,0.0017
PROP_0439,Player_439,0.4977,-107,-110,False,1.9345794392523366,0.5169,-0.0192,-0.0372,0.0
PROP_0440,Player_440,0.5197,-106,-111,False,1.9433962264150944,0.5146,0.0051,0.01,0.0053
PROP_0441,Player_441,0.5537,-131,111,False,1.7633587786259541,0.5671,-0.0134,-0.0236,0.0
PROP_0442,Player_442,0.5595,-142,121,False,1.704225352112676,0.5868,-0.0273,-0.0465,0.0
PROP_0443,Player_443,0.5765,-118,101,False,1.847457627118644,0.5413,0.0352,0.0651,0.0384
PROP_0444,Player_444,0.544,-123,104,False,1.8130081300813008,0.5516,-0.0076,-0.0137,0.0
PROP_0445,Player_445,0.4998,-122,104,False,1.819672131147541,0.5495,-0.0497,-0.0905,0.0
PROP_0446,Player_446,0.4885,-109,-108,True,1.9174311926605505,0.5215,-0.033,-0.0633,0.0
PROP_0447,Player_447,0.5413,-145,123,False,1.6896551724137931,0.5918,-0.0505,-0.0854,0.0
PROP_0448,Player_448,0.5097,-101,-116,False,1.99009900990099,0.5025,0.0072,0.0144,0.0072
PROP_0449,Player_449,0.5072,-147,125,False,1.6802721088435373,0.5951,-0.0879,-0.1478,0.0
PROP_0450,Player_450,0.5193,-104,-112,False,1.9615384615384617,0.5098,0.0095,0.0186,0.0097
PROP_0451,Player_451,0.5284,107,-126,False,2.0700000000000003,0.4831,0.0453,0.0938,0.0438
PROP_0452,Player_452,0.5563,-136,116,False,1.7352941176470589,0.5763,-0.02,-0.0347,0.0
PROP_0453,Player_453,0.5687,-162,137,False,1.617283950617284,0.6183,-0.0496,-0.0803,0.0
PROP_0454,Player_454,0.5781,-147,125,False,1.6802721088435373,0.5951,-0.017,-0.0286,0.0
PROP_0455,Player_455,0.5353,-122,104,True,1.819672131147541,0.5495,-0.0142,-0.0259,0.0
PROP_0456,Player_456,0.5461,-127,108,False,1.7874015748031495,0.5595,-0.0134,-0.0239,0.0
PROP_0457,Player_457,0.5446,-115,-102,False,1.8695652173913042,0.5349,0.0097,0.0182,0.0104
PROP_0458,Player_458,0.5602,-136,116,False,1.7352941176470589,0.5763,-0.0161,-0.0279,0.0
PROP_0459,Player_459,0.5538,-143,121,False,1.6993006993006992,0.5885,-0.0347,-0.0589,0.0
PROP_0460,Player_460,0.5184,107,-126,False,2.0700000000000003,0.4831,0.0353,0.0731,0.0342
PROP_0461,Player_461,0.4865,100,-118,False,2.0,0.5,-0.0135,-0.027,0.0
PROP_0462,Player_462,0.5119,-148,126,False,1.6756756756756757,0.5968,-0.0849,-0.1422,0.0
PROP_0463,Player_463,0.4999,-112,-105,False,1.8928571428571428,0.5283,-0.0284,-0.0538,0.0
PROP_0464,Player_464,0.5011,108,-127,False,2.08,0.4808,0.0203,0.0423,0.0196
PROP_0465,Player_465,0.5535,-124,105,False,1.8064516129032258,0.5536,-0.0001,-0.0001,0.0
PROP_0466,Player_466,0.4968,-104,-113,False,1.9615384615384617,0.5098,-0.013,-0.0255,0.0
PROP_0467,Player_467,0.5289,-172,145,True,1.5813953488372094,0.6324,-0.1035,-0.1636,0.0
PROP_0468,Player_468,0.4842,-111,-106,False,1.900900900900901,0.5261,-0.0419,-0.0796,0.0
PROP_0469,Player_469,0.4855,122,-143,False,2.2199999999999998,0.4505,0.035,0.0778,0.0319
PROP_0470,Player_470,0.5629,-163,138,False,1.6134969325153374,0.6198,-0.0569,-0.0918,0.0
PROP_0471,Player_471,0.4974,-147,125,False,1.6802721088435373,0.5951,-0.0977,-0.1642,0.0
PROP_0472,Player_472,0.5132,128,-151,False,2.2800000000000002,0.4386,0.0746,0.1701,0.0664
PROP_0473,Player_473,0.5688,-129,110,False,1.7751937984496124,0.5633,0.0055,0.0097,0.0063
PROP_0474,Player_474,0.5655,-156,132,False,1.641025641025641,0.6094,-0.0439,-0.072,0.0
PROP_0475,Player_475,0.5752,-153,129,True,1.65359477124183,0.6047,-0.0295,-0.0489,0.0
PROP_0476,Player_476,0.4875,100,-118,False,2.0,0.5,-0.0125,-0.025,0.0
PROP_0477,Player_477,0.4962,117,-138,False,2.17,0.4608,0.0354,0.0768,0.0328
PROP_0478,Player_478,0.5419,-131,111,False,1.7633587786259541,0.5671,-0.0252,-0.0444,0.0
PROP_0479,Player_479,0.5394,-124,105,True,1.8064516129032258,0.5536,-0.0142,-0.0256,0.0
PROP_0480,Player_480,0.5527,-110,-106,False,1.9090909090909092,0.5238,0.0289,0.0552,0.0303
PROP_0481,Player_481,0.5631,-119,101,False,1.8403361344537816,0.5434,0.0197,0.0363,0.0216
PROP_0482,Player_482,0.5488,-133,113,False,1.7518796992481203,0.5708,-0.022,-0.0386,0.0
PROP_0483,Player_483,0.5245,-151,128,False,1.6622516556291391,0.6016,-0.0771,-0.1281,0.0
PROP_0484,Player_484,0.531,-137,116,False,1.72992700729927,0.5781,-0.0471,-0.0814,0.0
PROP_0485,Player_485,0.5401,110,-130,False,2.1,0.4762,0.0639,0.1342,0.061
PROP_0486,Player_486,0.4873,-126,107,False,1.7936507936507935,0.5575,-0.0702,-0.126,0.0
PROP_0487,Player_487,0.4858,103,-121,False,2.0300000000000002,0.4926,-0.0068,-0.0138,0.0
PROP_0488,Player_488,0.513,-129,109,False,1.7751937984496124,0.5633,-0.0503,-0.0893,0.0
PROP_0489,Player_489,0.4956,-140,119,False,1.7142857142857144,0.5833,-0.0877,-0.1504,0.0
PROP_0490,Player_490,0.5314,-117,-100,False,1.8547008547008548,0.5392,-0.0078,-0.0144,0.0
PROP_0491,Player_491,0.549,-121,103,False,1.8264462809917354,0.5475,0.0015,0.0027,0.0016
PROP_0492,Player_492,0.5153,-107,-110,False,1.9345794392523366,0.5169,-0.0016,-0.0031,0.0
PROP_0493,Player_493,0.5031,107,-126,False,2.0700000000000003,0.4831,0.02,0.0414,0.0194
PROP_0494,Player_494,0.509,111,-130,False,2.1100000000000003,0.4739,0.0351,0.074,0.0333
PROP_0495,Player_495,0.5662,-172,146,False,1.5813953488372094,0.6324,-0.0662,-0.1046,0.0
PROP_0496,Player_496,0.4869,112,-131,False,2.12,0.4717,0.0152,0.0322,0.0144
PROP_0497,Player_497,0.506,-115,-102,False,1.8695652173913042,0.5349,-0.0289,-0.054,0.0
PROP_0498,Player_498,0.5076,-125,106,False,1.8,0.5556,-0.048,-0.0863,0.0
PROP_0499,Player_499,0.499,-112,-105,False,1.8928571428571428,0.5283,-0.0293,-0.0555,0.0
PROP_0500,Player_500,0.5543,-110,-107,False,1.9090909090909092,0.5238,0.0305,0.0582,0.032
PROP_0501,Player_501,0.4904,-109,-108,True,1.9174311926605505,0.5215,-0.0311,-0.0597,0.0
PROP_0502,Player_502,0.5085,-125,107,False,1.8,0.5556,-0.0471,-0.0847,0.0
PROP_0503,Player_503,0.56,-125,106,False,1.8,0.5556,0.0044,0.008,0.005
PROP_0504,Player_504,0.5618,-129,109,False,1.7751937984496124,0.5633,-0.0015,-0.0027,0.0
PROP_0505,Player_505,0.5536,-112,-105,False,1.8928571428571428,0.5283,0.0253,0.0479,0.0268
PROP_0506,Player_506,0.4829,-111,-105,False,1.900900900900901,0.5261,-0.0432,-0.0821,0.0
PROP_0507,Player_507,0.4823,111,-131,True,2.1100000000000003,0.4739,0.0084,0.0177,0.008
PROP_0508,Player_508,0.5489,-137,116,False,1.72992700729927,0.5781,-0.0292,-0.0504,0.0
PROP_0509,Player_509,0.5629,-208,174,False,1.4807692307692308,0.6753,-0.1124,-0.1665,0.0
PROP_0510,Player_510,0.5725,-146,124,False,1.6849315068493151,0.5935,-0.021,-0.0354,0.0
PROP_0511,Player_511,0.4921,116,-137,True,2.16,0.463,0.0291,0.0629,0.0271
PROP_0512,Player_512,0.5314,-122,104,False,1.819672131147541,0.5495,-0.0181,-0.033,0.0
PROP_0513,Player_513,0.5149,-114,-103,False,1.8771929824561404,0.5327,-0.0178,-0.0334,0.0
PROP_0514,Player_514,0.5431,-143,121,False,1.6993006993006992,0.5885,-0.0454,-0.0771,0.0
PROP_0515,Player_515,0.5246,-123,104,False,1.8130081300813008,0.5516,-0.027,-0.0489,0.0
PROP_0516,Player_516,0.571,-118,101,False,1.847457627118644,0.5413,0.0297,0.0549,0.0324
PROP_0517,Player_517,0.4985,116,-136,False,2.16,0.463,0.0355,0.0768,0.0331
PROP_0518,Player_518,0.5487,-140,119,False,1.7142857142857144,0.5833,-0.0346,-0.0594,0.0
PROP_0519,Player_519,0.5175,108,-127,True,2.08,0.4808,0.0367,0.0764,0.0354
PROP_0520,Player_520,0.5204,-110,-107,True,1.9090909090909092,0.5238,-0.0034,-0.0065,0.0
PROP_0521,Player_521,0.5508,-109,-108,False,1.9174311926605505,0.5215,0.0293,0.0561,0.0306
PROP_0522,Player_522,0.5736,-130,111,True,1.7692307692307692,0.5652,0.0084,0.0148,0.0096
PROP_0523,Player_523,0.5589,-104,-113,False,1.9615384615384617,0.5098,0.0491,0.0963,0.0501
PROP_0524,Player_524,0.5205,-115,-102,True,1.8695652173913042,0.5349,-0.0144,-0.0269,0.0
PROP_0525,Player_525,0.5627,-167,141,False,1.5988023952095807,0.6255,-0.0628,-0.1004,0.0
PROP_0526,Player_526,0.5666,-141,120,False,1.7092198581560285,0.5851,-0.0185,-0.0316,0.0
PROP_0527,Player_527,0.5637,-150,127,False,1.6666666666666665,0.6,-0.0363,-0.0605,0.0
PROP_0528,Player_528,0.4938,-123,104,False,1.8130081300813008,0.5516,-0.0578,-0.1047,0.0
PROP_0529,Player_529,0.5472,-110,-106,False,1.9090909090909092,0.5238,0.0234,0.0447,0.0246
PROP_0530,Player_530,0.5602,-132,113,False,1.7575757575757576,0.569,-0.0088,-0.0154,0.0
PROP_0531,Player_531,0.5087,-118,100,False,1.847457627118644,0.5413,-0.0326,-0.0602,0.0
PROP_0532,Player_532,0.531,-104,-113,True,1.9615384615384617,0.5098,0.0212,0.0416,0.0216
PROP_0533,Player_533,0.5629,-144,123,False,1.6944444444444444,0.5902,-0.0273,-0.0462,0.0
PROP_0534,Player_534,0.5292,-117,-100,True,1.8547008547008548,0.5392,-0.01,-0.0185,0.0
PROP_0535,Player_535,0.5666,-139,118,False,1.7194244604316546,0.5816,-0.015,-0.0258,0.0
PROP_0536,Player_536,0.5391,103,-121,True,2.0300000000000002,0.4926,0.0465,0.0944,0.0458
PROP_0537,Player_537,0.5059,113,-133,False,2.13,0.4695,0.0364,0.0776,0.0343
PROP_0538,Player_538,0.5448,-108,-109,False,1.925925925925926,0.5192,0.0256,0.0492,0.0266
PROP_0539,Player_539,0.5333,-158,134,True,1.6329113924050633,0.6124,-0.0791,-0.1292,0.0
PROP_0540,Player_540,0.5251,112,-131,False,2.12,0.4717,0.0534,0.1132,0.0505
PROP_0541,Player_541,0.5595,-164,139,False,1.6097560975609757,0.6212,-0.0617,-0.0993,0.0
PROP_0542,Player_542,0.4809,102,-119,False,2.02,0.495,-0.0141,-0.0286,0.0
PROP_0543,Player_543,0.5178,-110,-107,True,1.9090909090909092,0.5238,-0.006,-0.0115,0.0
PROP_0544,Player_544,0.4815,-115,-102,False,1.8695652173913042,0.5349,-0.0534,-0.0998,0.0
PROP_0545,Player_545,0.4815,-130,111,False,1.7692307692307692,0.5652,-0.0837,-0.1481,0.0
PROP_0546,Player_546,0.5059,-185,156,False,1.5405405405405406,0.6491,-0.1432,-0.2206,0.0
PROP_0547,Player_547,0.4837,124,-147,False,2.24,0.4464,0.0373,0.0835,0.0337
PROP_0548,Player_548,0.546,-119,101,False,1.8403361344537816,0.5434,0.0026,0.0048,0.0029
PROP_0549,Player_549,0.5774,-143,121,True,1.6993006993006992,0.5885,-0.0111,-0.0188,0.0
PROP_0550,Player_550,0.4972,-105,-112,True,1.9523809523809523,0.5122,-0.015,-0.0293,0.0
PROP_0551,Player_551,0.502,-109,-108,False,1.9174311926605505,0.5215,-0.0195,-0.0374,0.0
PROP_0552,Player_552,0.5408,-106,-111,True,1.9433962264150944,0.5146,0.0262,0.051,0.027
PROP_0553,Player_553,0.5568,-172,145,False,1.5813953488372094,0.6324,-0.0756,-0.1195,0.0
PROP_0554,Player_554,0.5567,-165,140,True,1.606060606060606,0.6226,-0.0659,-0.1059,0.0
PROP_0555,Player_555,0.5258,-121,103,False,1.8264462809917354,0.5475,-0.0217,-0.0397,0.0
PROP_0556,Player_556,0.5308,-115,-102,False,1.8695652173913042,0.5349,-0.0041,-0.0076,0.0
PROP_0557,Player_557,0.4904,-123,105,False,1.8130081300813008,0.5516,-0.0612,-0.1109,0.0
PROP_0558,Player_558,0.5733,-134,114,False,1.7462686567164178,0.5726,0.0007,0.0011,0.0008
PROP_0559,Player_559,0.5082,-125,106,False,1.8,0.5556,-0.0474,-0.0852,0.0
PROP_0560,Player_560,0.4998,100,-117,False,2.0,0.5,-0.0002,-0.0004,0.0
PROP_0561,Player_561,0.5658,-146,124,False,1.6849315068493151,0.5935,-0.0277,-0.0467,0.0
PROP_0562,Player_562,0.5253,-125,106,False,1.8,0.5556,-0.0303,-0.0545,0.0
PROP_0563,Player_563,0.5054,-107,-110,False,1.9345794392523366,0.5169,-0.0115,-0.0223,0.0
PROP_0564,Player_564,0.4973,101,-119,True,2.01,0.4975,-0.0002,-0.0004,0.0
PROP_0565,Player_565,0.5651,-159,135,False,1.6289308176100628,0.6139,-0.0488,-0.0795,0.0
PROP_0566,Player_566,0.4896,115,-135,False,2.15,0.4651,0.0245,0.0526,0.0229
PROP_0567,Player_567,0.5303,-136,116,False,1.7352941176470589,0.5763,-0.046,-0.0798,0.0
PROP_0568,Player_568,0.5235,-104,-113,False,1.9615384615384617,0.5098,0.0137,0.0269,0.014
PROP_0569,Player_569,0.5377,100,-118,False,2.0,0.5,0.0377,0.0754,0.0377
PROP_0570,Player_570,0.5085,-116,-101,False,1.8620689655172413,0.537,-0.0285,-0.0531,0.0
PROP_0571,Player_571,0.5603,-133,113,False,1.7518796992481203,0.5708,-0.0105,-0.0184,0.0
PROP_0572,Player_572,0.4918,-123,105,False,1.8130081300813008,0.5516,-0.0598,-0.1084,0.0
PROP_0573,Player_573,0.547,-124,105,False,1.8064516129032258,0.5536,-0.0066,-0.0119,0.0
PROP_0574,Player_574,0.5308,-104,-113,False,1.9615384615384617,0.5098,0.021,0.0412,0.0214
PROP_0575,Player_575,0.5283,-145,123,True,1.6896551724137931,0.5918,-0.0635,-0.1074,0.0
PROP_0576,Player_576,0.4929,109,-129,True,2.09,0.4785,0.0144,0.0302,0.0138
PROP_0577,Player_577,0.5046,127,-149,False,2.27,0.4405,0.0641,0.1454,0.0573
PROP_0578,Player_578,0.5361,-122,104,True,1.819672131147541,0.5495,-0.0134,-0.0245,0.0
PROP_0579,Player_579,0.5266,-115,-102,False,1.8695652173913042,0.5349,-0.0083,-0.0155,0.0
PROP_0580,Player_580,0.5048,-116,-101,False,1.8620689655172413,0.537,-0.0322,-0.06,0.0
PROP_0581,Player_581,0.5024,-114,-103,False,1.8771929824561404,0.5327,-0.0303,-0.0569,0.0
PROP_0582,Player_582,0.4803,-123,105,False,1.8130081300813008,0.5516,-0.0713,-0.1292,0.0
PROP_0583,Player_583,0.5602,-147,125,True,1.6802721088435373,0.5951,-0.0349,-0.0587,0.0
PROP_0584,Player_584,0.5625,-170,143,False,1.5882352941176472,0.6296,-0.0671,-0.1066,0.0
PROP_0585,Player_585,0.5586,-144,122,False,1.6944444444444444,0.5902,-0.0316,-0.0535,0.0
PROP_0586,Player_586,0.5175,-107,-110,True,1.9345794392523366,0.5169,0.0006,0.0011,0.0006
PROP_0587,Player_587,0.4996,100,-118,False,2.0,0.5,-0.0004,-0.0008,0.0
PROP_0588,Player_588,0.5527,-132,112,False,1.7575757575757576,0.569,-0.0163,-0.0286,0.0
PROP_0589,Player_589,0.5603,-123,105,False,1.8130081300813008,0.5516,0.0087,0.0158,0.0097
PROP_0590,Player_590,0.5406,-124,106,False,1.8064516129032258,0.5536,-0.013,-0.0234,0.0
PROP_0591,Player_591,0.5094,104,-122,False,2.04,0.4902,0.0192,0.0392,0.0188
PROP_0592,Player_592,0.4866,-110,-107,False,1.9090909090909092,0.5238,-0.0372,-0.071,0.0
PROP_0593,Player_593,0.481,-108,-109,False,1.925925925925926,0.5192,-0.0382,-0.0736,0.0
PROP_0594,Player_594,0.5523,-147,125,False,1.6802721088435373,0.5951,-0.0428,-0.072,0.0
PROP_0595,Player_595,0.5117,107,-126,False,2.0700000000000003,0.4831,0.0286,0.0592,0.0277
PROP_0596,Player_596,0.4935,112,-132,False,2.12,0.4717,0.0218,0.0462,0.0206
PROP_0597,Player_597,0.5241,-111,-106,False,1.900900900900901,0.5261,-0.002,-0.0037,0.0
PROP_0598,Player_598,0.5487,-135,114,True,1.7407407407407407,0.5745,-0.0258,-0.0449,0.0
PROP_0599,Player_599,0.5373,-102,-115,False,1.9803921568627452,0.505,0.0323,0.0641,0.0327
PROP_0600,Player_600,0.4939,-100,-117,False,2.0,0.5,-0.0061,-0.0122,0.0
PROP_0601,Player_601,0.5287,-127,108,False,1.7874015748031495,0.5595,-0.0308,-0.055,0.0
PROP_0602,Player_602,0.5768,-110,-107,False,1.9090909090909092,0.5238,0.053,0.1012,0.0556
PROP_0603,Player_603,0.5736,-129,110,True,1.7751937984496124,0.5633,0.0103,0.0183,0.0118
PROP_0604,Player_604,0.485,108,-127,False,2.08,0.4808,0.0042,0.0088,0.0041
PROP_0605,Player_605,0.5209,-143,121,False,1.6993006993006992,0.5885,-0.0676,-0.1148,0.0
PROP_0606,Player_606,0.4965,-111,-106,True,1.900900900900901,0.5261,-0.0296,-0.0562,0.0
PROP_0607,Player_607,0.5512,-105,-112,True,1.9523809523809523,0.5122,0.039,0.0762,0.04
PROP_0608,Player_608,0.5306,-162,137,False,1.617283950617284,0.6183,-0.0877,-0.1419,0.0
PROP_0609,Player_609,0.5433,-122,104,False,1.819672131147541,0.5495,-0.0062,-0.0114,0.0
PROP_0610,Player_610,0.5109,103,-121,False,2.0300000000000002,0.4926,0.0183,0.0371,0.018
PROP_0611,Player_611,0.5075,-110,-107,False,1.9090909090909092,0.5238,-0.0163,-0.0311,0.0
PROP_0612,Player_612,0.5252,101,-119,False,2.01,0.4975,0.0277,0.0557,0.0276
PROP_0613,Player_613,0.5049,-116,-101,False,1.8620689655172413,0.537,-0.0321,-0.0598,0.0
PROP_0614,Player_614,0.5329,-145,123,False,1.6896551724137931,0.5918,-0.0589,-0.0996,0.0
PROP_0615,Player_615,0.5406,-136,116,False,1.7352941176470589,0.5763,-0.0357,-0.0619,0.0
PROP_0616,Player_616,0.5702,-127,108,False,1.7874015748031495,0.5595,0.0107,0.0192,0.0122
PROP_0617,Player_617,0.5636,-112,-105,False,1.8928571428571428,0.5283,0.0353,0.0668,0.0374
PROP_0618,Player_618,0.5634,-112,-105,False,1.8928571428571428,0.5283,0.0351,0.0664,0.0372
PROP_0619,Player_619,0.5168,-166,141,False,1.6024096385542168,0.6241,-0.1073,-0.1719,0.0
PROP_0620,Player_620,0.5467,-124,105,False,1.8064516129032258,0.5536,-0.0069,-0.0124,0.0
PROP_0621,Player_621,0.5726,-170,144,True,1.5882352941176472,0.6296,-0.057,-0.0906,0.0
PROP_0622,Player_622,0.4963,-105,-112,False,1.9523809523809523,0.5122,-0.0159,-0.031,0.0
PROP_0623,Player_623,0.5515,-143,121,False,1.6993006993006992,0.5885,-0.037,-0.0628,0.0
PROP_0624,Player_624,0.4817,119,-140,False,2.19,0.4566,0.0251,0.0549,0.0231
PROP_0625,Player_625,0.5689,-138,117,False,1.7246376811594204,0.5798,-0.0109,-0.0189,0.0
PROP_0626,Player_626,0.5033,117,-138,False,2.17,0.4608,0.0425,0.0922,0.0394
PROP_0627,Player_627,0.4995,-111,-105,False,1.900900900900901,0.5261,-0.0266,-0.0505,0.0
PROP_0628,Player_628,0.4863,109,-129,False,2.09,0.4785,0.0078,0.0164,0.0075
PROP_0629,Player_629,0.5301,-114,-103,True,1.8771929824561404,0.5327,-0.0026,-0.0049,0.0
PROP_0630,Player_630,0.5761,-133,113,False,1.7518796992481203,0.5708,0.0053,0.0093,0.0062
PROP_0631,Player_631,0.556,-153,130,True,1.65359477124183,0.6047,-0.0487,-0.0806,0.0
PROP_0632,Player_632,0.5779,-171,145,False,1.5847953216374269,0.631,-0.0531,-0.0841,0.0
PROP_0633,Player_633,0.4812,-107,-110,False,1.9345794392523366,0.5169,-0.0357,-0.0691,0.0
PROP_0634,Player_634,0.5492,-125,106,True,1.8,0.5556,-0.0064,-0.0114,0.0
PROP_0635,Player_635,0.4965,-121,103,False,1.8264462809917354,0.5475,-0.051,-0.0932,0.0
PROP_0636,Player_636,0.5295,-177,149,True,1.5649717514124295,0.639,-0.1095,-0.1713,0.0
PROP_0637,Player_637,0.5172,109,-128,False,2.09,0.4785,0.0387,0.0809,0.0371
PROP_0638,Player_638,0.5117,-135,115,False,1.7407407407407407,0.5745,-0.0628,-0.1093,0.0
PROP_0639,Player_639,0.5281,-109,-107,False,1.9174311926605505,0.5215,0.0066,0.0126,0.0069
PROP_0640,Player_640,0.5644,-204,171,False,1.4901960784313726,0.6711,-0.1067,-0.1589,0.0
PROP_0641,Player_641,0.4993,114,-135,True,2.1399999999999997,0.4673,0.032,0.0685,0.03
PROP_0642,Player_642,0.5031,-116,-101,False,1.8620689655172413,0.537,-0.0339,-0.0632,0.0
PROP_0643,Player_643,0.497,-102,-116,False,1.9803921568627452,0.505,-0.008,-0.0157,0.0
PROP_0644,Player_644,0.5476,-130,110,False,1.7692307692307692,0.5652,-0.0176,-0.0312,0.0
PROP_0645,Player_645,0.5623,-129,110,True,1.7751937984496124,0.5633,-0.001,-0.0018,0.0
PROP_0646,Player_646,0.527,-141,120,False,1.7092198581560285,0.5851,-0.0581,-0.0992,0.0
PROP_0647,Player_647,0.5099,119,-140,True,2.19,0.4566,0.0533,0.1167,0.049
PROP_0648,Player_648,0.5573,-135,115,False,1.7407407407407407,0.5745,-0.0172,-0.0299,0.0
PROP_0649,Player_649,0.506,-160,136,False,1.625,0.6154,-0.1094,-0.1777,0.0
PROP_0650,Player_650,0.5268,-123,104,False,1.8130081300813008,0.5516,-0.0248,-0.0449,0.0
PROP_0651,Player_651,0.5182,-108,-109,False,1.925925925925926,0.5192,-0.001,-0.002,0.0
PROP_0652,Player_652,0.5185,-100,-117,False,2.0,0.5,0.0185,0.037,0.0185
PROP_0653,Player_653,0.4815,128,-151,True,2.2800000000000002,0.4386,0.0429,0.0978,0.0382
PROP_0654,Player_654,0.5605,-167,141,True,1.5988023952095807,0.6255,-0.065,-0.1039,0.0
PROP_0655,Player_655,0.5223,-121,103,False,1.8264462809917354,0.5475,-0.0252,-0.046,0.0
PROP_0656,Player_656,0.4954,-117,-101,True,1.8547008547008548,0.5392,-0.0438,-0.0812,0.0
PROP_0657,Player_657,0.5016,104,-122,False,2.04,0.4902,0.0114,0.0233,0.0112
PROP_0658,Player_658,0.5662,-128,109,False,1.78125,0.5614,0.0048,0.0085,0.0055
PROP_0659,Player_659,0.4957,-113,-104,False,1.8849557522123894,0.5305,-0.0348,-0.0656,0.0
PROP_0660,Player_660,0.5187,-123,105,False,1.8130081300813008,0.5516,-0.0329,-0.0596,0.0
PROP_0661,Player_661,0.4807,-116,-101,False,1.8620689655172413,0.537,-0.0563,-0.1049,0.0
PROP_0662,Player_662,0.5001,-127,108,True,1.7874015748031495,0.5595,-0.0594,-0.1061,0.0
PROP_0663,Player_663,0.5197,-106,-111,False,1.9433962264150944,0.5146,0.0051,0.01,0.0053
PROP_0664,Player_664,0.5457,-115,-102,False,1.8695652173913042,0.5349,0.0108,0.0202,0.0116
PROP_0665,Player_665,0.5062,-141,119,False,1.7092198581560285,0.5851,-0.0789,-0.1348,0.0
PROP_0666,Player_666,0.5782,-179,151,False,1.558659217877095,0.6416,-0.0634,-0.0988,0.0
PROP_0667,Player_667,0.5248,-112,-105,False,1.8928571428571428,0.5283,-0.0035,-0.0066,0.0
PROP_0668,Player_668,0.571,-131,111,False,1.7633587786259541,0.5671,0.0039,0.0069,0.0045
PROP_0669,Player_669,0.502,-115,-102,True,1.8695652173913042,0.5349,-0.0329,-0.0615,0.0
PROP_0670,Player_670,0.5725,-154,131,False,1.6493506493506493,0.6063,-0.0338,-0.0557,0.0
PROP_0671,Player_671,0.5709,-235,196,False,1.425531914893617,0.7015,-0.1306,-0.1862,0.0
PROP_0672,Player_672,0.5189,-133,113,False,1.7518796992481203,0.5708,-0.0519,-0.0909,0.0
PROP_0673,Player_673,0.5618,-141,120,False,1.7092198581560285,0.5851,-0.0233,-0.0398,0.0
PROP_0674,Player_674,0.4891,-123,104,False,1.8130081300813008,0.5516,-0.0625,-0.1133,0.0
PROP_0675,Player_675,0.5066,-103,-114,False,1.970873786407767,0.5074,-0.0008,-0.0016,0.0
PROP_0676,Player_676,0.5743,-146,124,False,1.6849315068493151,0.5935,-0.0192,-0.0323,0.0
PROP_0677,Player_677,0.5453,-113,-104,False,1.8849557522123894,0.5305,0.0148,0.0279,0.0157
PROP_0678,Player_678,0.5592,-174,147,False,1.5747126436781609,0.635,-0.0758,-0.1194,0.0
PROP_0679,Player_679,0.5447,-143,122,False,1.6993006993006992,0.5885,-0.0438,-0.0744,0.0
PROP_0680,Player_680,0.4968,-125,106,False,1.8,0.5556,-0.0588,-0.1058,0.0
PROP_0681,Player_681,0.5315,105,-123,False,2.05,0.4878,0.0437,0.0896,0.0427
PROP_0682,Player_682,0.4965,-129,110,False,1.7751937984496124,0.5633,-0.0668,-0.1186,0.0
PROP_0683,Player_683,0.5642,-162,137,False,1.617283950617284,0.6183,-0.0541,-0.0875,0.0
PROP_0684,Player_684,0.496,-110,-106,False,1.9090909090909092,0.5238,-0.0278,-0.0531,0.0
PROP_0685,Player_685,0.5584,-128,109,False,1.78125,0.5614,-0.003,-0.0053,0.0
PROP_0686,Player_686,0.5367,-150,127,False,1.6666666666666665,0.6,-0.0633,-0.1055,0.0
PROP_0687,Player_687,0.4971,111,-130,False,2.1100000000000003,0.4739,0.0232,0.0489,0.022
PROP_0688,Player_688,0.5177,126,-149,False,2.26,0.4425,0.0752,0.17,0.0675
PROP_0689,Player_689,0.5131,-141,119,False,1.7092198581560285,0.5851,-0.072,-0.123,0.0
PROP_0690,Player_690,0.5086,-135,115,False,1.7407407407407407,0.5745,-0.0659,-0.1147,0.0
PROP_0691,Player_691,0.5444,-104,-113,False,1.9615384615384617,0.5098,0.0346,0.0679,0.0353
PROP_0692,Player_692,0.5644,-173,146,False,1.5780346820809248,0.6337,-0.0693,-0.1094,0.0
PROP_0693,Player_693,0.487,-121,103,False,1.8264462809917354,0.5475,-0.0605,-0.1105,0.0
PROP_0694,Player_694,0.4853,-106,-110,False,1.9433962264150944,0.5146,-0.0293,-0.0569,0.0
PROP_0695,Player_695,0.5644,-152,129,False,1.6578947368421053,0.6032,-0.0388,-0.0643,0.0
PROP_0696,Player_696,0.5212,-101,-116,False,1.99009900990099,0.5025,0.0187,0.0372,0.0188
PROP_0697,Player_697,0.483,-112,-105,False,1.8928571428571428,0.5283,-0.0453,-0.0858,0.0
PROP_0698,Player_698,0.4896,-106,-111,True,1.9433962264150944,0.5146,-0.025,-0.0485,0.0
PROP_0699,Player_699,0.5347,-130,111,False,1.7692307692307692,0.5652,-0.0305,-0.054,0.0
PROP_0700,Player_700,0.5177,-163,138,False,1.6134969325153374,0.6198,-0.1021,-0.1647,0.0
PROP_0701,Player_701,0.4972,-122,104,False,1.819672131147541,0.5495,-0.0523,-0.0953,0.0
PROP_0702,Player_702,0.5071,-109,-108,False,1.9174311926605505,0.5215,-0.0144,-0.0277,0.0
PROP_0703,Player_703,0.5651,-157,133,False,1.6369426751592355,0.6109,-0.0458,-0.075,0.0
PROP_0704,Player_704,0.4938,-110,-106,False,1.9090909090909092,0.5238,-0.03,-0.0573,0.0
PROP_0705,Player_705,0.518,-155,131,True,1.6451612903225805,0.6078,-0.0898,-0.1478,0.0
PROP_0706,Player_706,0.4851,-118,101,False,1.847457627118644,0.5413,-0.0562,-0.1038,0.0
PROP_0707,Player_707,0.4899,105,-123,False,2.05,0.4878,0.0021,0.0043,0.002
PROP_0708,Player_708,0.5487,-126,107,False,1.7936507936507935,0.5575,-0.0088,-0.0158,0.0
PROP_0709,Player_709,0.5042,124,-147,False,2.24,0.4464,0.0578,0.1294,0.0522
PROP_0710,Player_710,0.5789,-149,127,False,1.6711409395973154,0.5984,-0.0195,-0.0326,0.0
PROP_0711,Player_711,0.4804,-100,-117,False,2.0,0.5,-0.0196,-0.0392,0.0
PROP_0712,Player_712,0.5088,-111,-105,False,1.900900900900901,0.5261,-0.0173,-0.0328,0.0
PROP_0713,Player_713,0.5509,-133,113,False,1.7518796992481203,0.5708,-0.0199,-0.0349,0.0
PROP_0714,Player_714,0.4823,-126,108,False,1.7936507936507935,0.5575,-0.0752,-0.1349,0.0
PROP_0715,Player_715,0.5217,114,-134,False,2.1399999999999997,0.4673,0.0544,0.1164,0.0511
PROP_0716,Player_716,0.5145,106,-125,False,2.06,0.4854,0.0291,0.0599,0.0282
PROP_0717,Player_717,0.576,-135,115,True,1.7407407407407407,0.5745,0.0015,0.0027,0.0018
PROP_0718,Player_718,0.5373,-131,112,False,1.7633587786259541,0.5671,-0.0298,-0.0525,0.0
PROP_0719,Player_719,0.5222,-115,-102,True,1.8695652173913042,0.5349,-0.0127,-0.0237,0.0
PROP_0720,Player_720,0.4964,112,-131,False,2.12,0.4717,0.0247,0.0524,0.0234
PROP_0721,Player_721,0.5009,107,-125,False,2.0700000000000003,0.4831,0.0178,0.0369,0.0172
PROP_0722,Player_722,0.5114,-122,103,True,1.819672131147541,0.5495,-0.0381,-0.0694,0.0
PROP_0723,Player_723,0.4865,-105,-111,False,1.9523809523809523,0.5122,-0.0257,-0.0502,0.0
PROP_0724,Player_724,0.5131,110,-129,False,2.1,0.4762,0.0369,0.0775,0.0352
PROP_0725,Player_725,0.5516,-182,153,False,1.5494505494505495,0.6454,-0.0938,-0.1453,0.0
PROP_0726,Player_726,0.5522,-158,134,False,1.6329113924050633,0.6124,-0.0602,-0.0983,0.0
PROP_0727,Player_727,0.5166,-120,103,False,1.8333333333333335,0.5455,-0.0289,-0.0529,0.0
PROP_0728,Player_728,0.5018,101,-119,False,2.01,0.4975,0.0043,0.0086,0.0043
PROP_0729,Player_729,0.507,-111,-105,False,1.900900900900901,0.5261,-0.0191,-0.0362,0.0
PROP_0730,Player_730,0.5059,115,-135,False,2.15,0.4651,0.0408,0.0877,0.0381
PROP_0731,Player_731,0.5087,114,-134,False,2.1399999999999997,0.4673,0.0414,0.0886,0.0389
PROP_0732,Player_732,0.5649,-136,115,True,1.7352941176470589,0.5763,-0.0114,-0.0197,0.0
PROP_0733,Player_733,0.5355,-114,-103,False,1.8771929824561404,0.5327,0.0028,0.0052,0.003
PROP_0734,Player_734,0.5298,-119,102,False,1.8403361344537816,0.5434,-0.0136,-0.025,0.0
PROP_0735,Player_735,0.4854,-112,-104,False,1.8928571428571428,0.5283,-0.0429,-0.0812,0.0
PROP_0736,Player_736,0.5034,-121,103,True,1.8264462809917354,0.5475,-0.0441,-0.0806,0.0
PROP_0737,Player_737,0.5444,-124,105,False,1.8064516129032258,0.5536,-0.0092,-0.0166,0.0
PROP_0738,Player_738,0.503,-142,121,False,1.704225352112676,0.5868,-0.0838,-0.1428,0.0
PROP_0739,Player_739,0.5357,-138,117,False,1.7246376811594204,0.5798,-0.0441,-0.0761,0.0
PROP_0740,Player_740,0.5383,-109,-108,False,1.9174311926605505,0.5215,0.0168,0.0322,0.0175
PROP_0741,Player_741,0.5337,-114,-103,False,1.8771929824561404,0.5327,0.001,0.0019,0.0011
PROP_0742,Player_742,0.5469,-129,110,False,1.7751937984496124,0.5633,-0.0164,-0.0291,0.0
PROP_0743,Player_743,0.4845,107,-125,False,2.0700000000000003,0.4831,0.0014,0.0029,0.0014
PROP_0744,Player_744,0.5089,-136,116,False,1.7352941176470589,0.5763,-0.0674,-0.1169,0.0
PROP_0745,Player_745,0.5589,-155,132,False,1.6451612903225805,0.6078,-0.0489,-0.0805,0.0
PROP_0746,Player_746,0.4897,-119,101,True,1.8403361344537816,0.5434,-0.0537,-0.0988,0.0
PROP_0747,Player_747,0.4885,-124,106,False,1.8064516129032258,0.5536,-0.0651,-0.1175,0.0
PROP_0748,Player_748,0.518,-113,-104,False,1.8849557522123894,0.5305,-0.0125,-0.0236,0.0
PROP_0749,Player_749,0.5396,-129,110,True,1.7751937984496124,0.5633,-0.0237,-0.0421,0.0
PROP_0750,Player_750,0.5043,110,-129,True,2.1,0.4762,0.0281,0.059,0.0268
PROP_0751,Player_751,0.5222,-157,133,False,1.6369426751592355,0.6109,-0.0887,-0.1452,0.0
PROP_0752,Player_752,0.4926,110,-130,True,2.1,0.4762,0.0164,0.0345,0.0157
PROP_0753,Player_753,0.5004,-132,112,True,1.7575757575757576,0.569,-0.0686,-0.1205,0.0
PROP_0754,Player_754,0.5276,-135,115,False,1.7407407407407407,0.5745,-0.0469,-0.0816,0.0
PROP_0755,Player_755,0.5666,-126,107,False,1.7936507936507935,0.5575,0.0091,0.0163,0.0103
PROP_0756,Player_756,0.4816,101,-118,False,2.01,0.4975,-0.0159,-0.032,0.0
PROP_0757,Player_757,0.578,-131,112,False,1.7633587786259541,0.5671,0.0109,0.0192,0.0126
PROP_0758,Player_758,0.5121,-158,134,True,1.6329113924050633,0.6124,-0.1003,-0.1638,0.0
PROP_0759,Player_759,0.5216,-119,101,False,1.8403361344537816,0.5434,-0.0218,-0.0401,0.0
PROP_0760,Player_760,0.5197,-116,-101,False,1.8620689655172413,0.537,-0.0173,-0.0323,0.0
PROP_0761,Player_761,0.5031,111,-131,True,2.1100000000000003,0.4739,0.0292,0.0615,0.0277
PROP_0762,Player_762,0.5415,-141,119,False,1.7092198581560285,0.5851,-0.0436,-0.0745,0.0
PROP_0763,Player_763,0.5783,-121,103,False,1.8264462809917354,0.5475,0.0308,0.0562,0.034
PROP_0764,Player_764,0.5799,-186,157,False,1.5376344086021505,0.6503,-0.0704,-0.1083,0.0
PROP_0765,Player_765,0.5628,-126,107,False,1.7936507936507935,0.5575,0.0053,0.0095,0.006
PROP_0766,Player_766,0.4881,-105,-112,False,1.9523809523809523,0.5122,-0.0241,-0.047,0.0
PROP_0767,Player_767,0.5547,-180,152,False,1.5555555555555556,0.6429,-0.0882,-0.1371,0.0
PROP_0768,Player_768,0.5643,-164,138,False,1.6097560975609757,0.6212,-0.0569,-0.0916,0.0
PROP_0769,Player_769,0.4997,-123,105,False,1.8130081300813008,0.5516,-0.0519,-0.094,0.0
PROP_0770,Player_770,0.4963,-123,105,True,1.8130081300813008,0.5516,-0.0553,-0.1002,0.0
PROP_0771,Player_771,0.5552,112,-131,False,2.12,0.4717,0.0835,0.177,0.079
PROP_0772,Player_772,0.5226,-120,102,False,1.8333333333333335,0.5455,-0.0229,-0.0419,0.0
PROP_0773,Player_773,0.5448,-154,130,True,1.6493506493506493,0.6063,-0.0615,-0.1014,0.0
PROP_0774,Player_774,0.514,-121,103,False,1.8264462809917354,0.5475,-0.0335,-0.0612,0.0
PROP_0775,Player_775,0.5266,-139,118,False,1.7194244604316546,0.5816,-0.055,-0.0946,0.0
PROP_0776,Player_776,0.5628,-141,120,True,1.7092198581560285,0.5851,-0.0223,-0.0381,0.0
PROP_0777,Player_777,0.5471,-103,-114,False,1.970873786407767,0.5074,0.0397,0.0783,0.0403
PROP_0778,Player_778,0.5621,-209,175,False,1.4784688995215312,0.6764,-0.1143,-0.169,0.0
PROP_0779,Player_779,0.5001,114,-134,False,2.1399999999999997,0.4673,0.0328,0.0702,0.0308
PROP_0780,Player_780,0.5277,-101,-116,False,1.99009900990099,0.5025,0.0252,0.0502,0.0253
PROP_0781,Player_781,0.5749,-166,141,True,1.6024096385542168,0.6241,-0.0492,-0.0788,0.0
PROP_0782,Player_782,0.5646,-173,146,False,1.5780346820809248,0.6337,-0.0691,-0.109,0.0
PROP_0783,Player_783,0.5287,-145,123,False,1.6896551724137931,0.5918,-0.0631,-0.1067,0.0
PROP_0784,Player_784,0.5565,-131,111,False,1.7633587786259541,0.5671,-0.0106,-0.0187,0.0
PROP_0785,Player_785,0.5112,-124,106,False,1.8064516129032258,0.5536,-0.0424,-0.0765,0.0
PROP_0786,Player_786,0.5203,-123,105,False,1.8130081300813008,0.5516,-0.0313,-0.0567,0.0
PROP_0787,Player_787,0.5177,-143,121,False,1.6993006993006992,0.5885,-0.0708,-0.1203,0.0
PROP_0788,Player_788,0.5471,-106,-111,False,1.9433962264150944,0.5146,0.0325,0.0632,0.0335
PROP_0789,Player_789,0.5536,-139,118,True,1.7194244604316546,0.5816,-0.028,-0.0481,0.0
PROP_0790,Player_790,0.5459,-142,120,False,1.704225352112676,0.5868,-0.0409,-0.0697,0.0
PROP_0791,Player_791,0.4908,-140,119,False,1.7142857142857144,0.5833,-0.0925,-0.1586,0.0
PROP_0792,Player_792,0.5169,-116,-101,False,1.8620689655172413,0.537,-0.0201,-0.0375,0.0
PROP_0793,Player_793,0.5242,-150,127,False,1.6666666666666665,0.6,-0.0758,-0.1263,0.0
PROP_0794,Player_794,0.5236,-120,103,True,1.8333333333333335,0.5455,-0.0219,-0.0401,0.0
PROP_0795,Player_795,0.5553,-114,-103,False,1.8771929824561404,0.5327,0.0226,0.0424,0.0242
PROP_0796,Player_796,0.4923,-110,-107,True,1.9090909090909092,0.5238,-0.0315,-0.0602,0.0
PROP_0797,Player_797,0.5634,-155,131,False,1.6451612903225805,0.6078,-0.0444,-0.0731,0.0
PROP_0798,Player_798,0.5166,-120,102,False,1.8333333333333335,0.5455,-0.0289,-0.0529,0.0
PROP_0799,Player_799,0.5091,-114,-103,False,1.8771929824561404,0.5327,-0.0236,-0.0443,0.0
PROP_0800,Player_800,0.5602,-138,117,False,1.7246376811594204,0.5798,-0.0196,-0.0339,0.0
PROP_0801,Player_801,0.5509,-142,121,False,1.704225352112676,0.5868,-0.0359,-0.0611,0.0
PROP_0802,Player_802,0.5458,-127,108,False,1.7874015748031495,0.5595,-0.0137,-0.0244,0.0
PROP_0803,Player_803,0.5585,-133,113,False,1.7518796992481203,0.5708,-0.0123,-0.0216,0.0
PROP_0804,Player_804,0.5724,-165,139,False,1.606060606060606,0.6226,-0.0502,-0.0807,0.0
PROP_0805,Player_805,0.5454,-126,107,False,1.7936507936507935,0.5575,-0.0121,-0.0217,0.0
PROP_0806,Player_806,0.5323,-164,139,False,1.6097560975609757,0.6212,-0.0889,-0.1431,0.0
PROP_0807,Player_807,0.5703,-119,102,False,1.8403361344537816,0.5434,0.0269,0.0495,0.0295
PROP_0808,Player_808,0.5636,-148,126,False,1.6756756756756757,0.5968,-0.0332,-0.0556,0.0
PROP_0809,Player_809,0.5319,-107,-110,False,1.9345794392523366,0.5169,0.015,0.029,0.0155
PROP_0810,Player_810,0.5019,-101,-116,False,1.99009900990099,0.5025,-0.0006,-0.0012,0.0
PROP_0811,Player_811,0.5455,-153,129,True,1.65359477124183,0.6047,-0.0592,-0.098,0.0
PROP_0812,Player_812,0.5547,-122,104,True,1.819672131147541,0.5495,0.0052,0.0094,0.0057
PROP_0813,Player_813,0.5768,-127,108,False,1.7874015748031495,0.5595,0.0173,0.031,0.0197
PROP_0814,Player_814,0.5765,-141,120,False,1.7092198581560285,0.5851,-0.0086,-0.0146,0.0
PROP_0815,Player_815,0.5559,-126,108,False,1.7936507936507935,0.5575,-0.0016,-0.0029,0.0
PROP_0816,Player_816,0.5271,129,-152,False,2.29,0.4367,0.0904,0.2071,0.0803
PROP_0817,Player_817,0.5419,-112,-105,False,1.8928571428571428,0.5283,0.0136,0.0257,0.0144
PROP_0818,Player_818,0.5098,-117,-100,False,1.8547008547008548,0.5392,-0.0294,-0.0545,0.0
PROP_0819,Player_819,0.4845,116,-136,False,2.16,0.463,0.0215,0.0465,0.0201
PROP_0820,Player_820,0.5488,-146,124,False,1.6849315068493151,0.5935,-0.0447,-0.0753,0.0
PROP_0821,Player_821,0.5799,-210,176,False,1.4761904761904763,0.6774,-0.0975,-0.144,0.0
PROP_0822,Player_822,0.4975,-103,-114,False,1.970873786407767,0.5074,-0.0099,-0.0195,0.0
PROP_0823,Player_823,0.5601,-137,117,False,1.72992700729927,0.5781,-0.018,-0.0311,0.0
PROP_0824,Player_824,0.556,-119,102,True,1.8403361344537816,0.5434,0.0126,0.0232,0.0138
PROP_0825,Player_825,0.555,102,-120,False,2.02,0.495,0.06,0.1211,0.0594
PROP_0826,Player_826,0.5175,-129,110,True,1.7751937984496124,0.5633,-0.0458,-0.0813,0.0
PROP_0827,Player_827,0.5242,103,-121,False,2.0300000000000002,0.4926,0.0316,0.0641,0.0311
PROP_0828,Player_828,0.5129,-103,-114,True,1.970873786407767,0.5074,0.0055,0.0109,0.0056
PROP_0829,Player_829,0.546,-146,124,False,1.6849315068493151,0.5935,-0.0475,-0.08,0.0
PROP_0830,Player_830,0.4952,-119,102,False,1.8403361344537816,0.5434,-0.0482,-0.0887,0.0
PROP_0831,Player_831,0.5714,-149,127,False,1.6711409395973154,0.5984,-0.027,-0.0451,0.0
PROP_0832,Player_832,0.5363,-112,-105,False,1.8928571428571428,0.5283,0.008,0.0151,0.0085
PROP_0833,Player_833,0.5035,-114,-103,False,1.8771929824561404,0.5327,-0.0292,-0.0548,0.0
PROP_0834,Player_834,0.5329,107,-126,False,2.0700000000000003,0.4831,0.0498,0.1031,0.0482
PROP_0835,Player_835,0.5443,-132,113,True,1.7575757575757576,0.569,-0.0247,-0.0434,0.0
PROP_0836,Player_836,0.5634,-181,152,True,1.5524861878453038,0.6441,-0.0807,-0.1253,0.0
PROP_0837,Player_837,0.5727,-175,148,False,1.5714285714285714,0.6364,-0.0637,-0.1,0.0
PROP_0838,Player_838,0.5613,-136,115,False,1.7352941176470589,0.5763,-0.015,-0.026,0.0
PROP_0839,Player_839,0.5016,-103,-114,False,1.970873786407767,0.5074,-0.0058,-0.0114,0.0
PROP_0840,Player_840,0.5761,-192,161,False,1.5208333333333335,0.6575,-0.0814,-0.1238,0.0
PROP_0841,Player_841,0.5179,-108,-108,False,1.925925925925926,0.5192,-0.0013,-0.0026,0.0
PROP_0842,Player_842,0.5353,-112,-105,True,1.8928571428571428,0.5283,0.007,0.0132,0.0074
PROP_0843,Player_843,0.5334,-122,104,False,1.819672131147541,0.5495,-0.0161,-0.0294,0.0
PROP_0844,Player_844,0.5388,-151,128,False,1.6622516556291391,0.6016,-0.0628,-0.1044,0.0
PROP_0845,Player_845,0.5245,-121,103,False,1.8264462809917354,0.5475,-0.023,-0.042,0.0
PROP_0846,Player_846,0.5609,118,-139,False,2.1799999999999997,0.4587,0.1022,0.2228,0.0944
PROP_0847,Player_847,0.4885,-110,-107,False,1.9090909090909092,0.5238,-0.0353,-0.0674,0.0
PROP_0848,Player_848,0.5088,-105,-112,False,1.9523809523809523,0.5122,-0.0034,-0.0066,0.0
PROP_0849,Player_849,0.5394,-141,120,False,1.7092198581560285,0.5851,-0.0457,-0.078,0.0
PROP_0850,Player_850,0.5628,-109,-108,False,1.9174311926605505,0.5215,0.0413,0.0791,0.0431
PROP_0851,Player_851,0.4846,-100,-117,False,2.0,0.5,-0.0154,-0.0308,0.0
PROP_0852,Player_852,0.5677,-157,133,False,1.6369426751592355,0.6109,-0.0432,-0.0707,0.0
PROP_0853,Player_853,0.5392,-171,145,False,1.5847953216374269,0.631,-0.0918,-0.1455,0.0
PROP_0854,Player_854,0.5655,-162,137,True,1.617283950617284,0.6183,-0.0528,-0.0854,0.0
PROP_0855,Player_855,0.5181,-166,140,False,1.6024096385542168,0.6241,-0.106,-0.1698,0.0
PROP_0856,Player_856,0.4887,-110,-106,False,1.9090909090909092,0.5238,-0.0351,-0.067,0.0
PROP_0857,Player_857,0.5491,-137,117,False,1.72992700729927,0.5781,-0.029,-0.0501,0.0
PROP_0858,Player_858,0.5446,-136,116,False,1.7352941176470589,0.5763,-0.0317,-0.055,0.0
PROP_0859,Player_859,0.5527,-133,113,True,1.7518796992481203,0.5708,-0.0181,-0.0317,0.0
PROP_0860,Player_860,0.5411,-138,117,False,1.7246376811594204,0.5798,-0.0387,-0.0668,0.0
PROP_0861,Player_861,0.5258,105,-123,False,2.05,0.4878,0.038,0.0779,0.0371
PROP_0862,Player_862,0.4853,111,-130,False,2.1100000000000003,0.4739,0.0114,0.024,0.0108
PROP_0863,Player_863,0.4969,-113,-104,True,1.8849557522123894,0.5305,-0.0336,-0.0634,0.0
PROP_0864,Player_864,0.5741,-200,168,True,1.5,0.6667,-0.0926,-0.1388,0.0
PROP_0865,Player_865,0.5684,-113,-104,False,1.8849557522123894,0.5305,0.0379,0.0714,0.0403
PROP_0866,Player_866,0.5334,112,-131,False,2.12,0.4717,0.0617,0.1308,0.0584
PROP_0867,Player_867,0.5642,-192,162,True,1.5208333333333335,0.6575,-0.0933,-0.1419,0.0
PROP_0868,Player_868,0.5114,108,-127,True,2.08,0.4808,0.0306,0.0637,0.0295
PROP_0869,Player_869,0.5032,113,-132,False,2.13,0.4695,0.0337,0.0718,0.0318
PROP_0870,Player_870,0.5294,-123,104,True,1.8130081300813008,0.5516,-0.0222,-0.0402,0.0
PROP_0871,Player_871,0.575,-158,134,True,1.6329113924050633,0.6124,-0.0374,-0.0611,0.0
PROP_0872,Player_872,0.5687,-138,117,False,1.7246376811594204,0.5798,-0.0111,-0.0192,0.0
PROP_0873,Player_873,0.5078,-164,139,False,1.6097560975609757,0.6212,-0.1134,-0.1826,0.0
PROP_0874,Player_874,0.5745,-132,112,False,1.7575757575757576,0.569,0.0055,0.0097,0.0064
PROP_0875,Player_875,0.5155,-113,-104,False,1.8849557522123894,0.5305,-0.015,-0.0283,0.0
PROP_0876,Player_876,0.558,-126,107,False,1.7936507936507935,0.5575,0.0005,0.0009,0.0005
PROP_0877,Player_877,0.4986,-138,117,False,1.7246376811594204,0.5798,-0.0812,-0.1401,0.0
PROP_0878,Player_878,0.5193,-106,-110,False,1.9433962264150944,0.5146,0.0047,0.0092,0.0049
PROP_0879,Player_879,0.5647,-158,134,True,1.6329113924050633,0.6124,-0.0477,-0.0779,0.0
PROP_0880,Player_880,0.5424,-126,107,False,1.7936507936507935,0.5575,-0.0151,-0.0271,0.0
PROP_0881,Player_881,0.5507,-140,119,False,1.7142857142857144,0.5833,-0.0326,-0.0559,0.0
PROP_0882,Player_882,0.5114,-113,-104,True,1.8849557522123894,0.5305,-0.0191,-0.036,0.0
PROP_0883,Player_883,0.5545,-156,132,False,1.641025641025641,0.6094,-0.0549,-0.0901,0.0
PROP_0884,Player_884,0.5257,-158,134,False,1.6329113924050633,0.6124,-0.0867,-0.1416,0.0
PROP_0885,Player_885,0.5111,-110,-106,False,1.9090909090909092,0.5238,-0.0127,-0.0243,0.0
PROP_0886,Player_886,0.5225,-112,-105,False,1.8928571428571428,0.5283,-0.0058,-0.011,0.0
PROP_0887,Player_887,0.5072,-122,104,False,1.819672131147541,0.5495,-0.0423,-0.0771,0.0
PROP_0888,Player_888,0.5142,100,-118,False,2.0,0.5,0.0142,0.0284,0.0142
PROP_0889,Player_889,0.5583,-133,113,False,1.7518796992481203,0.5708,-0.0125,-0.0219,0.0
PROP_0890,Player_890,0.5704,-136,116,False,1.7352941176470589,0.5763,-0.0059,-0.0102,0.0
PROP_0891,Player_891,0.4914,109,-128,True,2.09,0.4785,0.0129,0.027,0.0124
PROP_0892,Player_892,0.5192,-120,102,False,1.8333333333333335,0.5455,-0.0263,-0.0481,0.0
PROP_0893,Player_893,0.5618,-127,108,False,1.7874015748031495,0.5595,0.0023,0.0042,0.0026
PROP_0894,Player_894,0.5732,-131,112,False,1.7633587786259541,0.5671,0.0061,0.0108,0.007
PROP_0895,Player_895,0.4865,-120,103,False,1.8333333333333335,0.5455,-0.059,-0.1081,0.0
PROP_0896,Player_896,0.5255,102,-119,False,2.02,0.495,0.0305,0.0615,0.0302
PROP_0897,Player_897,0.4923,109,-128,False,2.09,0.4785,0.0138,0.0289,0.0133
PROP_0898,Player_898,0.4913,-141,119,False,1.7092198581560285,0.5851,-0.0938,-0.1603,0.0
PROP_0899,Player_899,0.5469,-150,128,False,1.6666666666666665,0.6,-0.0531,-0.0885,0.0
PROP_0900,Player_900,0.5665,-142,121,False,1.704225352112676,0.5868,-0.0203,-0.0346,0.0
PROP_0901,Player_901,0.5074,-110,-107,True,1.9090909090909092,0.5238,-0.0164,-0.0313,0.0
PROP_0902,Player_902,0.5484,-115,-102,False,1.8695652173913042,0.5349,0.0135,0.0253,0.0145
PROP_0903,Player_903,0.4913,-120,102,False,1.8333333333333335,0.5455,-0.0542,-0.0993,0.0
PROP_0904,Player_904,0.56,-180,152,False,1.5555555555555556,0.6429,-0.0829,-0.1289,0.0
PROP_0905,Player_905,0.5243,-116,-101,False,1.8620689655172413,0.537,-0.0127,-0.0237,0.0
PROP_0906,Player_906,0.5007,-148,126,False,1.6756756756756757,0.5968,-0.0961,-0.161,0.0
PROP_0907,Player_907,0.4818,-105,-112,False,1.9523809523809523,0.5122,-0.0304,-0.0593,0.0
PROP_0908,Player_908,0.52,-114,-103,False,1.8771929824561404,0.5327,-0.0127,-0.0239,0.0
PROP_0909,Player_909,0.4807,104,-123,False,2.04,0.4902,-0.0095,-0.0194,0.0
PROP_0910,Player_910,0.5089,103,-121,False,2.0300000000000002,0.4926,0.0163,0.0331,0.0161
PROP_0911,Player_911,0.5012,-125,107,False,1.8,0.5556,-0.0544,-0.0978,0.0
PROP_0912,Player_912,0.4881,-110,-106,False,1.9090909090909092,0.5238,-0.0357,-0.0682,0.0
PROP_0913,Player_913,0.5675,-155,131,False,1.6451612903225805,0.6078,-0.0403,-0.0664,0.0
PROP_0914,Player_914,0.5714,-187,157,False,1.53475935828877,0.6516,-0.0802,-0.123,0.0
PROP_0915,Player_915,0.5364,-173,146,False,1.5780346820809248,0.6337,-0.0973,-0.1535,0.0
PROP_0916,Player_916,0.5366,-148,126,False,1.6756756756756757,0.5968,-0.0602,-0.1008,0.0
PROP_0917,Player_917,0.5311,-117,-100,True,1.8547008547008548,0.5392,-0.0081,-0.015,0.0
PROP_0918,Player_918,0.493,-112,-105,False,1.8928571428571428,0.5283,-0.0353,-0.0668,0.0
PROP_0919,Player_919,0.4985,-115,-102,False,1.8695652173913042,0.5349,-0.0364,-0.068,0.0
PROP_0920,Player_920,0.5621,102,-120,False,2.02,0.495,0.0671,0.1354,0.0664
PROP_0921,Player_921,0.566,-174,147,True,1.5747126436781609,0.635,-0.069,-0.1087,0.0
PROP_0922,Player_922,0.5074,-128,109,False,1.78125,0.5614,-0.054,-0.0962,0.0
PROP_0923,Player_923,0.5387,-126,107,False,1.7936507936507935,0.5575,-0.0188,-0.0338,0.0
PROP_0924,Player_924,0.549,-116,-101,False,1.8620689655172413,0.537,0.012,0.0223,0.0129
PROP_0925,Player_925,0.5728,-205,172,False,1.4878048780487805,0.6721,-0.0993,-0.1478,0.0
PROP_0926,Player_926,0.5647,-122,104,False,1.819672131147541,0.5495,0.0152,0.0276,0.0168
PROP_0927,Player_927,0.5337,-112,-105,True,1.8928571428571428,0.5283,0.0054,0.0102,0.0057
PROP_0928,Player_928,0.517,-132,112,False,1.7575757575757576,0.569,-0.052,-0.0913,0.0
PROP_0929,Player_929,0.512,-116,-101,False,1.8620689655172413,0.537,-0.025,-0.0466,0.0
PROP_0930,Player_930,0.5393,107,-126,False,2.0700000000000003,0.4831,0.0562,0.1164,0.0544
PROP_0931,Player_931,0.5754,-132,112,False,1.7575757575757576,0.569,0.0064,0.0113,0.0075
PROP_0932,Player_932,0.5617,-129,110,False,1.7751937984496124,0.5633,-0.0016,-0.0029,0.0
PROP_0933,Player_933,0.4954,-102,-115,False,1.9803921568627452,0.505,-0.0096,-0.0189,0.0
PROP_0934,Player_934,0.5065,-130,111,False,1.7692307692307692,0.5652,-0.0587,-0.1039,0.0
PROP_0935,Player_935,0.5575,-148,126,False,1.6756756756756757,0.5968,-0.0393,-0.0658,0.0
PROP_0936,Player_936,0.4987,-111,-105,False,1.900900900900901,0.5261,-0.0274,-0.052,0.0
PROP_0937,Player_937,0.5584,114,-134,False,2.1399999999999997,0.4673,0.0911,0.195,0.0855
PROP_0938,Player_938,0.4872,-108,-109,False,1.925925925925926,0.5192,-0.032,-0.0617,0.0
PROP_0939,Player_939,0.5122,-129,110,False,1.7751937984496124,0.5633,-0.0511,-0.0907,0.0
PROP_0940,Player_940,0.544,106,-124,False,2.06,0.4854,0.0586,0.1206,0.0569
PROP_0941,Player_941,0.534,-109,-107,False,1.9174311926605505,0.5215,0.0125,0.0239,0.013
PROP_0942,Player_942,0.5548,-144,123,False,1.6944444444444444,0.5902,-0.0354,-0.0599,0.0
PROP_0943,Player_943,0.5135,-101,-117,False,1.99009900990099,0.5025,0.011,0.0219,0.0111
PROP_0944,Player_944,0.5619,-147,124,False,1.6802721088435373,0.5951,-0.0332,-0.0559,0.0
PROP_0945,Player_945,0.5262,-129,110,True,1.7751937984496124,0.5633,-0.0371,-0.0659,0.0
PROP_0946,Player_946,0.489,-118,101,False,1.847457627118644,0.5413,-0.0523,-0.0966,0.0
PROP_0947,Player_947,0.4907,-104,-112,False,1.9615384615384617,0.5098,-0.0191,-0.0375,0.0
PROP_0948,Player_948,0.5671,-129,110,False,1.7751937984496124,0.5633,0.0038,0.0067,0.0043
PROP_0949,Player_949,0.5596,-150,127,False,1.6666666666666665,0.6,-0.0404,-0.0673,0.0
PROP_0950,Player_950,0.538,-152,129,False,1.6578947368421053,0.6032,-0.0652,-0.1081,0.0
PROP_0951,Player_951,0.5748,-164,139,True,1.6097560975609757,0.6212,-0.0464,-0.0747,0.0
PROP_0952,Player_952,0.4931,-130,111,False,1.7692307692307692,0.5652,-0.0721,-0.1276,0.0
PROP_0953,Player_953,0.5297,-126,107,True,1.7936507936507935,0.5575,-0.0278,-0.0499,0.0
PROP_0954,Player_954,0.5633,-154,131,False,1.6493506493506493,0.6063,-0.043,-0.0709,0.0
PROP_0955,Player_955,0.503,-111,-106,False,1.900900900900901,0.5261,-0.0231,-0.0438,0.0
PROP_0956,Player_956,0.5497,-143,122,False,1.6993006993006992,0.5885,-0.0388,-0.0659,0.0
PROP_0957,Player_957,0.5187,113,-132,False,2.13,0.4695,0.0492,0.1048,0.0464
PROP_0958,Player_958,0.4828,-101,-116,False,1.99009900990099,0.5025,-0.0197,-0.0392,0.0
PROP_0959,Player_959,0.5673,-201,169,False,1.4975124378109452,0.6678,-0.1005,-0.1505,0.0
PROP_0960,Player_960,0.4889,-109,-108,False,1.9174311926605505,0.5215,-0.0326,-0.0626,0.0
PROP_0961,Player_961,0.4913,114,-134,True,2.1399999999999997,0.4673,0.024,0.0514,0.0225
PROP_0962,Player_962,0.5517,-125,107,False,1.8,0.5556,-0.0039,-0.0069,0.0
PROP_0963,Player_963,0.5265,-135,115,True,1.7407407407407407,0.5745,-0.048,-0.0835,0.0
PROP_0964,Player_964,0.5396,-100,-117,False,2.0,0.5,0.0396,0.0792,0.0396
PROP_0965,Player_965,0.5742,-174,147,False,1.5747126436781609,0.635,-0.0608,-0.0958,0.0
PROP_0966,Player_966,0.493,-114,-103,False,1.8771929824561404,0.5327,-0.0397,-0.0745,0.0
PROP_0967,Player_967,0.5649,-145,123,False,1.6896551724137931,0.5918,-0.0269,-0.0455,0.0
PROP_0968,Player_968,0.534,-126,107,False,1.7936507936507935,0.5575,-0.0235,-0.0422,0.0
PROP_0969,Player_969,0.5359,126,-148,False,2.26,0.4425,0.0934,0.2111,0.0838
PROP_0970,Player_970,0.5501,-138,117,False,1.7246376811594204,0.5798,-0.0297,-0.0513,0.0
PROP_0971,Player_971,0.4933,-117,-101,False,1.8547008547008548,0.5392,-0.0459,-0.0851,0.0
PROP_0972,Player_972,0.5323,-110,-107,False,1.9090909090909092,0.5238,0.0085,0.0162,0.0089
PROP_0973,Player_973,0.5296,-132,113,False,1.7575757575757576,0.569,-0.0394,-0.0692,0.0
PROP_0974,Player_974,0.4885,-109,-108,True,1.9174311926605505,0.5215,-0.033,-0.0633,0.0
PROP_0975,Player_975,0.5436,-143,121,False,1.6993006993006992,0.5885,-0.0449,-0.0763,0.0
PROP_0976,Player_976,0.5565,-131,112,False,1.7633587786259541,0.5671,-0.0106,-0.0187,0.0
PROP_0977,Player_977,0.501,-118,100,False,1.847457627118644,0.5413,-0.0403,-0.0744,0.0
PROP_0978,Player_978,0.5151,-121,103,False,1.8264462809917354,0.5475,-0.0324,-0.0592,0.0
PROP_0979,Player_979,0.5383,-107,-110,True,1.9345794392523366,0.5169,0.0214,0.0414,0.0221
PROP_0980,Player_980,0.5278,-125,106,False,1.8,0.5556,-0.0278,-0.05,0.0
PROP_0981,Player_981,0.5083,-114,-103,False,1.8771929824561404,0.5327,-0.0244,-0.0458,0.0
PROP_0982,Player_982,0.5667,-128,109,False,1.78125,0.5614,0.0053,0.0094,0.006
PROP_0983,Player_983,0.571,-140,119,False,1.7142857142857144,0.5833,-0.0123,-0.0211,0.0
PROP_0984,Player_984,0.5768,-167,142,True,1.5988023952095807,0.6255,-0.0487,-0.0778,0.0
PROP_0985,Player_985,0.5381,-113,-104,True,1.8849557522123894,0.5305,0.0076,0.0143,0.0081
PROP_0986,Player_986,0.5232,-129,109,False,1.7751937984496124,0.5633,-0.0401,-0.0712,0.0
PROP_0987,Player_987,0.5735,-162,137,False,1.617283950617284,0.6183,-0.0448,-0.0725,0.0
PROP_0988,Player_988,0.5268,-129,110,False,1.7751937984496124,0.5633,-0.0365,-0.0648,0.0
PROP_0989,Player_989,0.5289,-123,105,False,1.8130081300813008,0.5516,-0.0227,-0.0411,0.0
PROP_0990,Player_990,0.5155,-112,-104,False,1.8928571428571428,0.5283,-0.0128,-0.0242,0.0
PROP_0991,Player_991,0.5301,-115,-102,False,1.8695652173913042,0.5349,-0.0048,-0.0089,0.0
PROP_0992,Player_992,0.5162,-112,-104,True,1.8928571428571428,0.5283,-0.0121,-0.0229,0.0
PROP_0993,Player_993,0.5405,-102,-115,True,1.9803921568627452,0.505,0.0355,0.0704,0.0359
PROP_0994,Player_994,0.5453,-113,-104,False,1.8849557522123894,0.5305,0.0148,0.0279,0.0157
PROP_0995,Player_995,0.5685,-127,108,True,1.7874015748031495,0.5595,0.009,0.0161,0.0102
PROP_0996,Player_996,0.4876,-126,107,False,1.7936507936507935,0.5575,-0.0699,-0.1254,0.0
PROP_0997,Player_997,0.494,101,-119,False,2.01,0.4975,-0.0035,-0.0071,0.0
PROP_0998,Player_998,0.5505,-119,101,False,1.8403361344537816,0.5434,0.0071,0.0131,0.0078
PROP_0999,Player_999,0.4907,-121,103,False,1.8264462809917354,0.5475,-0.0568,-0.1038,0.0
PROP_1000,Player_1000,0.5417,-103,-114,False,1.970873786407767,0.5074,0.0343,0.0676,0.0348
